Timestamp,AnomalyType,Confidence
2026-02-20 17:43:19,alligator crack,0.09343642
2026-02-20 17:43:20,alligator crack,0.08582482
2026-02-20 17:43:20,alligator crack,0.08456406
2026-02-20 17:43:20,alligator crack,0.053310752
2026-02-20 17:43:27,other corruption,0.0713101
2026-02-20 17:43:27,pothole,0.12470868
2026-02-20 17:43:27,pothole,0.06374684
2026-02-20 17:43:27,pothole,0.24324259
2026-02-20 17:43:28,pothole,0.08974442
2026-02-20 17:43:28,pothole,0.1018129
2026-02-20 17:43:28,pothole,0.051421702
2026-02-20 17:46:44,ID_1571,0.9900452
2026-02-20 17:46:44,ID_2056,0.98362917
2026-02-20 17:46:44,ID_555,0.9816901
2026-02-20 17:46:44,ID_2000,0.8460196
2026-02-20 17:46:44,ID_1144,0.26343477
2026-02-20 17:46:45,ID_1571,0.99007165
2026-02-20 17:46:45,ID_2056,0.98584133
2026-02-20 17:46:45,ID_555,0.9817761
2026-02-20 17:46:45,ID_2001,0.91704047
2026-02-20 17:46:45,ID_1570,0.9900981
2026-02-20 17:46:45,ID_2056,0.98966426
2026-02-20 17:46:45,ID_435,0.9812575
2026-02-20 17:46:45,ID_2039,0.79954016
2026-02-20 17:46:45,ID_2056,0.9948373
2026-02-20 17:46:45,ID_1570,0.9898606
2026-02-20 17:46:45,ID_435,0.9814136
2026-02-20 17:46:45,ID_2039,0.7894628
2026-02-20 17:46:45,ID_2056,0.9974442
2026-02-20 17:46:45,ID_1570,0.98967147
2026-02-20 17:46:45,ID_435,0.9807559
2026-02-20 17:46:45,ID_2000,0.82306004
2026-02-20 17:46:45,ID_2056,0.9960327
2026-02-20 17:46:45,ID_1571,0.98974204
2026-02-20 17:46:45,ID_395,0.98118484
2026-02-20 17:46:45,ID_2000,0.9705795
2026-02-20 17:46:45,ID_2000,0.99771273
2026-02-20 17:46:45,ID_2056,0.9910175
2026-02-20 17:46:45,ID_1571,0.9900373
2026-02-20 17:46:45,ID_395,0.9810429
2026-02-20 17:46:45,ID_2056,0.99762005
2026-02-20 17:46:45,ID_1571,0.9900836
2026-02-20 17:46:45,ID_2000,0.98778427
2026-02-20 17:46:45,ID_395,0.98076
2026-02-20 17:46:45,ID_2030,1.0318344
2026-02-20 17:46:45,ID_2056,1.002744
2026-02-20 17:46:45,ID_1571,0.99018
2026-02-20 17:46:45,ID_395,0.9808448
2026-02-20 17:46:45,ID_2030,1.0041779
2026-02-20 17:46:45,ID_2056,0.9966803
2026-02-20 17:46:45,ID_1571,0.99028766
2026-02-20 17:46:45,ID_395,0.98124003
2026-02-20 17:46:45,ID_2030,1.0214959
2026-02-20 17:46:45,ID_2056,0.99672765
2026-02-20 17:46:45,ID_1571,0.99030685
2026-02-20 17:46:45,ID_395,0.9812208
2026-02-20 17:46:45,ID_2056,0.9982897
2026-02-20 17:46:45,ID_1571,0.99000144
2026-02-20 17:46:45,ID_2000,0.98478097
2026-02-20 17:46:45,ID_395,0.98148507
2026-02-20 17:46:45,ID_2056,1.0007414
2026-02-20 17:46:45,ID_1571,0.99016976
2026-02-20 17:46:45,ID_2000,0.9895159
2026-02-20 17:46:45,ID_395,0.9812349
2026-02-20 17:46:45,ID_2056,0.99538493
2026-02-20 17:46:45,ID_1571,0.9902029
2026-02-20 17:46:45,ID_395,0.9814879
2026-02-20 17:46:45,ID_2000,0.9793066
2026-02-20 17:46:45,ID_2030,1.0242325
2026-02-20 17:46:45,ID_2056,1.0016589
2026-02-20 17:46:45,ID_1570,0.9903511
2026-02-20 17:46:45,ID_395,0.98085976
2026-02-20 17:46:45,ID_2056,1.0063303
2026-02-20 17:46:45,ID_1571,0.99034286
2026-02-20 17:46:45,ID_395,0.9813002
2026-02-20 17:46:45,ID_2000,0.9796362
2026-02-20 17:46:45,ID_2056,1.0077139
2026-02-20 17:46:45,ID_1570,0.9900681
2026-02-20 17:46:45,ID_2000,0.9837347
2026-02-20 17:46:45,ID_395,0.9813499
2026-02-20 17:46:45,ID_2056,1.0041207
2026-02-20 17:46:45,ID_2030,0.99604785
2026-02-20 17:46:45,ID_1570,0.9899922
2026-02-20 17:46:45,ID_395,0.9809644
2026-02-20 17:46:45,ID_2056,1.0031265
2026-02-20 17:46:45,ID_1570,0.98979115
2026-02-20 17:46:45,ID_395,0.98112
2026-02-20 17:46:45,ID_2000,0.9738549
2026-02-20 17:46:45,ID_2056,1.0009624
2026-02-20 17:46:45,ID_1570,0.9897125
2026-02-20 17:46:45,ID_395,0.980687
2026-02-20 17:46:45,ID_2000,0.9640246
2026-02-20 17:46:45,ID_2056,1.0054915
2026-02-20 17:46:45,ID_1570,0.98951066
2026-02-20 17:46:45,ID_395,0.98080975
2026-02-20 17:46:45,ID_2000,0.9673177
2026-02-20 17:46:45,ID_2056,1.0022031
2026-02-20 17:46:45,ID_1570,0.9893692
2026-02-20 17:46:45,ID_395,0.9809642
2026-02-20 17:46:45,ID_2000,0.96758395
2026-02-20 17:46:45,ID_2056,1.0006404
2026-02-20 17:46:45,ID_1571,0.9894433
2026-02-20 17:46:45,ID_395,0.98080087
2026-02-20 17:46:45,ID_2000,0.9733323
2026-02-20 17:46:45,ID_2030,1.0098592
2026-02-20 17:46:45,ID_2056,1.0036864
2026-02-20 17:46:45,ID_1571,0.98946583
2026-02-20 17:46:45,ID_395,0.97989774
2026-02-20 17:46:45,ID_2056,1.0023178
2026-02-20 17:46:45,ID_2030,1.0004063
2026-02-20 17:46:45,ID_1571,0.9895349
2026-02-20 17:46:45,ID_395,0.9799196
2026-02-20 17:46:45,ID_2056,1.0004766
2026-02-20 17:46:45,ID_1571,0.9897659
2026-02-20 17:46:45,ID_395,0.98025185
2026-02-20 17:46:45,ID_2000,0.9720846
2026-02-20 17:46:45,ID_2056,1.0065384
2026-02-20 17:46:45,ID_1570,0.9895305
2026-02-20 17:46:45,ID_2000,0.9832291
2026-02-20 17:46:45,ID_395,0.9800291
2026-02-20 17:46:45,ID_2056,1.0033429
2026-02-20 17:46:45,ID_1570,0.9895142
2026-02-20 17:46:45,ID_2000,0.98941314
2026-02-20 17:46:45,ID_395,0.980379
2026-02-20 17:46:45,ID_2056,1.0013962
2026-02-20 17:46:45,ID_2000,0.99138916
2026-02-20 17:46:45,ID_1570,0.9894776
2026-02-20 17:46:45,ID_395,0.9806564
2026-02-20 17:46:45,ID_2056,1.003276
2026-02-20 17:46:45,ID_1570,0.9894421
2026-02-20 17:46:45,ID_395,0.9809164
2026-02-20 17:46:45,ID_2000,0.9783454
2026-02-20 17:46:45,ID_2056,1.0048006
2026-02-20 17:46:45,ID_1570,0.9893278
2026-02-20 17:46:45,ID_395,0.9810021
2026-02-20 17:46:45,ID_2000,0.933164
2026-02-20 17:46:45,ID_2056,1.0046455
2026-02-20 17:46:45,ID_1570,0.98961484
2026-02-20 17:46:45,ID_395,0.98147833
2026-02-20 17:46:45,ID_2000,0.9339479
2026-02-20 17:46:45,ID_2056,1.0027105
2026-02-20 17:46:45,ID_1568,0.98934186
2026-02-20 17:46:45,ID_395,0.981823
2026-02-20 17:46:45,ID_1608,0.9107629
2026-02-20 17:46:45,ID_2056,1.0017358
2026-02-20 17:46:45,ID_1569,0.9892787
2026-02-20 17:46:45,ID_395,0.9810498
2026-02-20 17:46:45,ID_1608,0.9008449
2026-02-20 17:46:45,ID_2056,1.0028198
2026-02-20 17:46:45,ID_1568,0.9891729
2026-02-20 17:46:45,ID_395,0.9804262
2026-02-20 17:46:45,ID_2000,0.9619322
2026-02-20 17:46:45,ID_1756,1.0112231
2026-02-20 17:46:45,ID_1569,0.98921704
2026-02-20 17:46:45,ID_395,0.9798008
2026-02-20 17:46:45,ID_2000,0.96353465
2026-02-20 17:46:45,ID_2056,1.0045986
2026-02-20 17:46:45,ID_1568,0.9892851
2026-02-20 17:46:45,ID_395,0.98063666
2026-02-20 17:46:45,ID_2000,0.88941216
2026-02-20 17:46:45,ID_1756,1.0172973
2026-02-20 17:46:45,ID_1568,0.9892688
2026-02-20 17:46:45,ID_395,0.9802264
2026-02-20 17:46:45,ID_2000,0.94383264
2026-02-20 17:46:45,ID_2056,1.0062433
2026-02-20 17:46:45,ID_1568,0.9895746
2026-02-20 17:46:45,ID_395,0.98030365
2026-02-20 17:46:45,ID_2000,0.9714596
2026-02-20 17:46:45,ID_2056,1.0066782
2026-02-20 17:46:45,ID_1570,0.9894409
2026-02-20 17:46:45,ID_355,0.98012114
2026-02-20 17:46:45,ID_2000,0.9485569
2026-02-20 17:46:45,ID_1756,1.0238066
2026-02-20 17:46:45,ID_2000,0.9949799
2026-02-20 17:46:45,ID_1570,0.98924196
2026-02-20 17:46:45,ID_395,0.97932565
2026-02-20 17:46:45,ID_1776,1.0117046
2026-02-20 17:46:45,ID_1568,0.98942614
2026-02-20 17:46:45,ID_395,0.9796301
2026-02-20 17:46:45,ID_2000,0.9790969
2026-02-20 17:46:45,ID_1776,1.0351466
2026-02-20 17:46:45,ID_1568,0.9894776
2026-02-20 17:46:45,ID_2000,0.9867605
2026-02-20 17:46:45,ID_395,0.9794333
2026-02-20 17:46:45,ID_2056,1.0135084
2026-02-20 17:46:45,ID_1568,0.98954874
2026-02-20 17:46:45,ID_395,0.980091
2026-02-20 17:46:45,ID_2000,0.97872305
2026-02-20 17:46:45,ID_1756,1.02602
2026-02-20 17:46:45,ID_1568,0.98955643
2026-02-20 17:46:45,ID_2000,0.98710465
2026-02-20 17:46:45,ID_395,0.97996414
2026-02-20 17:46:45,ID_2056,1.0182428
2026-02-20 17:46:45,ID_2000,1.0069733
2026-02-20 17:46:45,ID_1568,0.9895422
2026-02-20 17:46:45,ID_395,0.9790146
2026-02-20 17:46:45,ID_2056,1.0196211
2026-02-20 17:46:45,ID_2000,1.0146434
2026-02-20 17:46:45,ID_1588,0.9893142
2026-02-20 17:46:45,ID_355,0.9789582
2026-02-20 17:46:45,ID_2056,1.0154299
2026-02-20 17:46:45,ID_2000,1.0121588
2026-02-20 17:46:45,ID_1571,0.9896512
2026-02-20 17:46:45,ID_395,0.9794911
2026-02-20 17:46:45,ID_2056,1.0118035
2026-02-20 17:46:45,ID_2000,1.0079253
2026-02-20 17:46:45,ID_1571,0.9896095
2026-02-20 17:46:45,ID_355,0.9792297
2026-02-20 17:46:45,ID_2056,1.0147116
2026-02-20 17:46:45,ID_2000,1.0135875
2026-02-20 17:46:45,ID_1588,0.98938704
2026-02-20 17:46:45,ID_355,0.979059
2026-02-20 17:46:45,ID_1756,1.0180147
2026-02-20 17:46:45,ID_2000,0.996621
2026-02-20 17:46:45,ID_1568,0.9896132
2026-02-20 17:46:45,ID_395,0.9791032
2026-02-20 17:46:45,ID_1756,1.0282705
2026-02-20 17:46:45,ID_2000,0.9987419
2026-02-20 17:46:45,ID_1568,0.98958015
2026-02-20 17:46:45,ID_395,0.9798489
2026-02-20 17:46:45,ID_1756,1.0579329
2026-02-20 17:46:45,ID_2000,1.0024709
2026-02-20 17:46:45,ID_1570,0.989349
2026-02-20 17:46:45,ID_395,0.97936416
2026-02-20 17:46:45,ID_1756,1.0345364
2026-02-20 17:46:45,ID_2000,1.0034784
2026-02-20 17:46:45,ID_1570,0.9895022
2026-02-20 17:46:45,ID_355,0.9799328
2026-02-20 17:46:45,ID_1756,1.0270765
2026-02-20 17:46:45,ID_2000,1.008352
2026-02-20 17:46:45,ID_1570,0.98941153
2026-02-20 17:46:45,ID_355,0.97948605
2026-02-20 17:46:46,ID_1756,1.0192175
2026-02-20 17:46:46,ID_1570,0.9895706
2026-02-20 17:46:46,ID_355,0.9788414
2026-02-20 17:46:46,ID_2000,0.97690356
2026-02-20 17:46:46,ID_1756,1.0124598
2026-02-20 17:46:46,ID_1568,0.9895995
2026-02-20 17:46:46,ID_355,0.9795643
2026-02-20 17:46:46,ID_2002,0.9153347
2026-02-20 17:46:46,ID_1756,1.0462317
2026-02-20 17:46:46,ID_1568,0.98953277
2026-02-20 17:46:46,ID_355,0.97845507
2026-02-20 17:46:46,ID_2002,0.9079672
2026-02-20 17:46:46,ID_1756,1.0158663
2026-02-20 17:46:46,ID_1568,0.9888873
2026-02-20 17:46:46,ID_355,0.97854245
2026-02-20 17:46:46,ID_2000,0.89903575
2026-02-20 17:46:46,ID_2056,1.0105896
2026-02-20 17:46:46,ID_1568,0.98912084
2026-02-20 17:46:46,ID_355,0.9793248
2026-02-20 17:46:46,ID_2002,0.84414494
2026-02-20 17:46:46,ID_1756,1.0460168
2026-02-20 17:46:46,ID_1568,0.9890895
2026-02-20 17:46:46,ID_355,0.9782629
2026-02-20 17:46:46,ID_1602,0.804394
2026-02-20 17:46:46,ID_1756,1.037101
2026-02-20 17:46:46,ID_1568,0.9893054
2026-02-20 17:46:46,ID_355,0.978281
2026-02-20 17:46:46,ID_1602,0.8130543
2026-02-20 17:46:46,ID_1756,1.0497437
2026-02-20 17:46:46,ID_1570,0.9891761
2026-02-20 17:46:46,ID_355,0.9791725
2026-02-20 17:46:46,ID_1602,0.82312965
2026-02-20 17:46:46,ID_1756,1.042183
2026-02-20 17:46:46,ID_1568,0.9893034
2026-02-20 17:46:46,ID_355,0.9784062
2026-02-20 17:46:46,ID_1602,0.82653975
2026-02-20 17:46:46,ID_1756,1.0600547
2026-02-20 17:46:46,ID_1568,0.98919934
2026-02-20 17:46:46,ID_355,0.9783752
2026-02-20 17:46:46,ID_1602,0.81085044
2026-02-20 17:46:46,ID_1756,1.0261419
2026-02-20 17:46:46,ID_1568,0.9892571
2026-02-20 17:46:46,ID_355,0.9787949
2026-02-20 17:46:46,ID_2030,0.78953433
2026-02-20 17:46:46,ID_1756,1.046644
2026-02-20 17:46:46,ID_1570,0.9893683
2026-02-20 17:46:46,ID_395,0.9776623
2026-02-20 17:46:46,ID_1602,0.8277186
2026-02-20 17:46:46,ID_1756,1.0650666
2026-02-20 17:46:46,ID_1570,0.98965406
2026-02-20 17:46:46,ID_395,0.9780335
2026-02-20 17:46:46,ID_1602,0.8415922
2026-02-20 17:46:46,ID_1756,1.0684521
2026-02-20 17:46:46,ID_1570,0.9896772
2026-02-20 17:46:46,ID_395,0.9780209
2026-02-20 17:46:46,ID_2002,0.8536947
2026-02-20 17:46:46,ID_1756,1.0742407
2026-02-20 17:46:46,ID_1570,0.9896456
2026-02-20 17:46:46,ID_395,0.9785769
2026-02-20 17:46:46,ID_1602,0.8465102
2026-02-20 17:46:46,ID_1756,1.0860835
2026-02-20 17:46:46,ID_1570,0.9896791
2026-02-20 17:46:46,ID_395,0.9781169
2026-02-20 17:46:46,ID_2002,0.8633212
2026-02-20 17:46:46,ID_1756,1.1032249
2026-02-20 17:46:46,ID_1570,0.98949265
2026-02-20 17:46:46,ID_395,0.97792375
2026-02-20 17:46:46,ID_1602,0.83015984
2026-02-20 17:46:46,ID_1756,1.0866835
2026-02-20 17:46:46,ID_1570,0.98967934
2026-02-20 17:46:46,ID_355,0.97832143
2026-02-20 17:46:46,ID_1602,0.858016
2026-02-20 17:46:46,ID_1756,1.096108
2026-02-20 17:46:46,ID_1570,0.9894945
2026-02-20 17:46:46,ID_1435,0.97838
2026-02-20 17:46:46,ID_2003,0.91573083
2026-02-20 17:46:46,ID_1756,1.0747664
2026-02-20 17:46:46,ID_1570,0.98935163
2026-02-20 17:46:46,ID_1435,0.97908616
2026-02-20 17:46:46,ID_1602,0.8587662
2026-02-20 17:46:46,ID_1756,1.0794855
2026-02-20 17:46:46,ID_1570,0.98942447
2026-02-20 17:46:46,ID_1435,0.9784974
2026-02-20 17:46:46,ID_1602,0.85168374
2026-02-20 17:46:46,ID_1756,1.0920715
2026-02-20 17:46:46,ID_1570,0.98907095
2026-02-20 17:46:46,ID_1435,0.978724
2026-02-20 17:46:46,ID_1602,0.877131
2026-02-20 17:46:46,ID_1756,1.12181
2026-02-20 17:46:46,ID_1570,0.9891412
2026-02-20 17:46:46,ID_1435,0.9780208
2026-02-20 17:46:46,ID_1602,0.9220451
2026-02-20 17:46:46,ID_1756,1.0857443
2026-02-20 17:46:46,ID_1570,0.98938084
2026-02-20 17:46:46,ID_1435,0.97719026
2026-02-20 17:46:46,ID_1602,0.93480456
2026-02-20 17:46:46,ID_1756,1.0755165
2026-02-20 17:46:46,ID_1570,0.9894241
2026-02-20 17:46:46,ID_1435,0.9790008
2026-02-20 17:46:46,ID_1602,0.9253192
2026-02-20 17:46:46,ID_1756,1.0869166
2026-02-20 17:46:46,ID_1570,0.9895767
2026-02-20 17:46:46,ID_1435,0.9786203
2026-02-20 17:46:46,ID_1603,0.86759496
2026-02-20 17:46:46,ID_1756,1.0692837
2026-02-20 17:46:46,ID_1570,0.9896359
2026-02-20 17:46:46,ID_1435,0.97919416
2026-02-20 17:46:46,ID_1604,0.815557
2026-02-20 17:46:46,ID_1756,1.0844522
2026-02-20 17:46:46,ID_1570,0.9893981
2026-02-20 17:46:46,ID_1435,0.97833264
2026-02-20 17:46:46,ID_1604,0.89332336
2026-02-20 17:46:46,ID_1756,1.1316177
2026-02-20 17:46:46,ID_1570,0.9893287
2026-02-20 17:46:46,ID_1435,0.97728676
2026-02-20 17:46:46,ID_1604,0.8578169
2026-02-20 17:46:46,ID_1756,1.1078681
2026-02-20 17:46:46,ID_1570,0.9894508
2026-02-20 17:46:46,ID_1435,0.9779456
2026-02-20 17:46:46,ID_1604,0.846871
2026-02-20 17:46:46,ID_1756,1.108194
2026-02-20 17:46:46,ID_1570,0.9893111
2026-02-20 17:46:46,ID_1435,0.97666067
2026-02-20 17:46:46,ID_2003,0.87942797
2026-02-20 17:46:46,ID_1756,1.0902171
2026-02-20 17:46:46,ID_1570,0.98923165
2026-02-20 17:46:46,ID_1435,0.97679996
2026-02-20 17:46:46,ID_2003,0.8971512
2026-02-20 17:46:46,ID_1756,1.081631
2026-02-20 17:46:46,ID_1570,0.9893087
2026-02-20 17:46:46,ID_1435,0.9795126
2026-02-20 17:46:46,ID_2003,0.9085034
2026-02-20 17:46:46,ID_1756,1.0867548
2026-02-20 17:46:46,ID_1570,0.989419
2026-02-20 17:46:46,ID_1435,0.9796976
2026-02-20 17:46:46,ID_2003,0.9411672
2026-02-20 17:46:46,ID_1776,1.0945071
2026-02-20 17:46:46,ID_1570,0.98951995
2026-02-20 17:46:46,ID_1435,0.97909355
2026-02-20 17:46:46,ID_2003,0.96416366
2026-02-20 17:46:46,ID_1133,0.36224118
2026-02-20 17:46:46,ID_1756,1.0837514
2026-02-20 17:46:46,ID_1570,0.9893626
2026-02-20 17:46:46,ID_1435,0.97878766
2026-02-20 17:46:46,ID_2040,0.8317629
2026-02-20 17:46:46,ID_1133,0.34893477
2026-02-20 17:46:46,ID_1776,1.1092247
2026-02-20 17:46:46,ID_1568,0.98890567
2026-02-20 17:46:46,ID_555,0.9779912
2026-02-20 17:46:46,ID_1602,0.86942595
2026-02-20 17:46:46,ID_1133,0.29571274
2026-02-20 17:46:46,ID_1756,1.0884379
2026-02-20 17:46:46,ID_1570,0.98937213
2026-02-20 17:46:46,ID_1435,0.97869706
2026-02-20 17:46:46,ID_1602,0.88100827
2026-02-20 17:46:46,ID_1133,0.17793506
2026-02-20 17:46:46,ID_1756,1.117121
2026-02-20 17:46:46,ID_1570,0.98938316
2026-02-20 17:46:46,ID_635,0.97832394
2026-02-20 17:46:46,ID_1602,0.9172443
2026-02-20 17:46:46,ID_1756,1.1195378
2026-02-20 17:46:46,ID_1570,0.9895668
2026-02-20 17:46:46,ID_1435,0.97860813
2026-02-20 17:46:46,ID_1603,0.9528232
2026-02-20 17:46:46,ID_1756,1.1174128
2026-02-20 17:46:46,ID_1570,0.98962104
2026-02-20 17:46:46,ID_1435,0.9794482
2026-02-20 17:46:46,ID_1603,0.9472846
2026-02-20 17:46:46,ID_1756,1.1306646
2026-02-20 17:46:46,ID_1570,0.98936903
2026-02-20 17:46:46,ID_1435,0.97953224
2026-02-20 17:46:46,ID_1603,0.968438
2026-02-20 17:46:46,ID_1756,1.1150002
2026-02-20 17:46:46,ID_1570,0.9893891
2026-02-20 17:46:46,ID_1435,0.97946817
2026-02-20 17:46:46,ID_1603,0.9703439
2026-02-20 17:46:46,ID_1756,1.114268
2026-02-20 17:46:46,ID_1604,0.99126375
2026-02-20 17:46:46,ID_1570,0.9893948
2026-02-20 17:46:46,ID_1435,0.97864246
2026-02-20 17:46:46,ID_1756,1.1123036
2026-02-20 17:46:46,ID_1570,0.9893997
2026-02-20 17:46:46,ID_1435,0.97887063
2026-02-20 17:46:46,ID_1603,0.8974225
2026-02-20 17:46:46,ID_1756,1.1212825
2026-02-20 17:46:46,ID_1570,0.98942065
2026-02-20 17:46:46,ID_1035,0.97899795
2026-02-20 17:46:46,ID_1602,0.9788675
2026-02-20 17:46:46,ID_1776,1.1346611
2026-02-20 17:46:46,ID_1570,0.9894451
2026-02-20 17:46:46,ID_1435,0.98052037
2026-02-20 17:46:46,ID_1603,0.9579874
2026-02-20 17:46:46,ID_1756,1.0827422
2026-02-20 17:46:46,ID_1570,0.9895046
2026-02-20 17:46:46,ID_1035,0.97907245
2026-02-20 17:46:46,ID_2040,0.85167766
2026-02-20 17:46:46,ID_1756,1.1225746
2026-02-20 17:46:46,ID_1570,0.98930675
2026-02-20 17:46:46,ID_1435,0.97784185
2026-02-20 17:46:46,ID_2040,0.82289004
2026-02-20 17:46:46,ID_1756,1.110723
2026-02-20 17:46:46,ID_1570,0.9892379
2026-02-20 17:46:46,ID_1035,0.9783035
2026-02-20 17:46:46,ID_2040,0.80405486
2026-02-20 17:46:46,ID_1776,1.1437387
2026-02-20 17:46:46,ID_1570,0.9892876
2026-02-20 17:46:46,ID_1395,0.9775575
2026-02-20 17:46:46,ID_2040,0.7875488
2026-02-20 17:46:46,ID_1756,1.1421165
2026-02-20 17:46:46,ID_1568,0.98910904
2026-02-20 17:46:46,ID_435,0.97745585
2026-02-20 17:46:46,ID_2039,0.76832676
2026-02-20 17:46:46,ID_1756,1.1407762
2026-02-20 17:46:46,ID_1568,0.9891511
2026-02-20 17:46:46,ID_515,0.97778463
2026-02-20 17:46:46,ID_1602,0.8713554
2026-02-20 17:46:46,ID_1756,1.1402645
2026-02-20 17:46:46,ID_1568,0.9890567
2026-02-20 17:46:46,ID_475,0.9789491
2026-02-20 17:46:46,ID_2039,0.7730042
2026-02-20 17:46:46,ID_1756,1.1267097
2026-02-20 17:46:46,ID_1570,0.9891617
2026-02-20 17:46:46,ID_435,0.97817993
2026-02-20 17:46:46,ID_2030,0.77474546
2026-02-20 17:46:46,ID_1756,1.1125661
2026-02-20 17:46:46,ID_1570,0.98925173
2026-02-20 17:46:46,ID_635,0.9800501
2026-02-20 17:46:46,ID_1603,0.9146723
2026-02-20 17:46:46,ID_1756,1.1141121
2026-02-20 17:46:46,ID_1570,0.9890605
2026-02-20 17:46:46,ID_435,0.9777874
2026-02-20 17:46:46,ID_2040,0.7959432
2026-02-20 17:46:46,ID_1756,1.1127696
2026-02-20 17:46:46,ID_1568,0.9890548
2026-02-20 17:46:47,ID_435,0.97756135
2026-02-20 17:46:47,ID_1603,0.89620614
2026-02-20 17:46:47,ID_1756,1.1083299
2026-02-20 17:46:47,ID_1568,0.98907256
2026-02-20 17:46:47,ID_435,0.9766387
2026-02-20 17:46:47,ID_2040,0.7960763
2026-02-20 17:46:47,ID_1756,1.1108441
2026-02-20 17:46:47,ID_1568,0.98906887
2026-02-20 17:46:47,ID_1603,0.9837871
2026-02-20 17:46:47,ID_435,0.97721905
2026-02-20 17:46:47,ID_1756,1.1136394
2026-02-20 17:46:47,ID_1603,1.0043116
2026-02-20 17:46:47,ID_1568,0.98898906
2026-02-20 17:46:47,ID_435,0.97779536
2026-02-20 17:46:47,ID_1756,1.0994902
2026-02-20 17:46:47,ID_1603,1.0344968
2026-02-20 17:46:47,ID_1570,0.9892012
2026-02-20 17:46:47,ID_395,0.9769476
2026-02-20 17:46:47,ID_1756,1.1221706
2026-02-20 17:46:47,ID_1603,1.023631
2026-02-20 17:46:47,ID_395,0.97591066
2026-02-20 17:46:47,ID_1756,1.1401783
2026-02-20 17:46:47,ID_1603,1.0288489
2026-02-20 17:46:47,ID_1570,0.9885587
2026-02-20 17:46:47,ID_1435,0.9758861
2026-02-20 17:46:47,ID_1756,1.1350651
2026-02-20 17:46:47,ID_1570,0.9884932
2026-02-20 17:46:47,ID_395,0.97675055
2026-02-20 17:46:47,ID_1756,1.092598
2026-02-20 17:46:47,ID_1603,1.0316334
2026-02-20 17:46:47,ID_1435,0.9775708
2026-02-20 17:46:47,ID_1756,1.0850646
2026-02-20 17:46:47,ID_1570,0.9894783
2026-02-20 17:46:47,ID_435,0.9785567
2026-02-20 17:46:47,ID_1756,1.1172564
2026-02-20 17:46:47,ID_1570,0.9896724
2026-02-20 17:46:47,ID_435,0.9782777
2026-02-20 17:46:47,ID_1756,1.1113496
2026-02-20 17:46:47,ID_1570,0.9900602
2026-02-20 17:46:47,ID_435,0.979574
2026-02-20 17:46:47,ID_2000,0.979004
2026-02-20 17:46:47,ID_1756,1.0926455
2026-02-20 17:46:47,ID_2040,1.0579233
2026-02-20 17:46:47,ID_1571,0.98970866
2026-02-20 17:46:47,ID_435,0.9803364
2026-02-20 17:46:47,ID_1756,1.0654789
2026-02-20 17:46:47,ID_2000,1.0051383
2026-02-20 17:46:47,ID_1570,0.9893537
2026-02-20 17:46:47,ID_435,0.97952867
2026-02-20 17:46:47,ID_1756,1.0824636
2026-02-20 17:46:47,ID_2000,1.0153836
2026-02-20 17:46:47,ID_1570,0.9893326
2026-02-20 17:46:47,ID_435,0.9786069
2026-02-20 17:46:47,ID_1756,1.0732676
2026-02-20 17:46:47,ID_2000,1.0230539
2026-02-20 17:46:47,ID_1570,0.9894198
2026-02-20 17:46:47,ID_435,0.978924
2026-02-20 17:46:47,ID_1756,1.0523514
2026-02-20 17:46:47,ID_2000,1.0222385
2026-02-20 17:46:47,ID_1570,0.9893615
2026-02-20 17:46:47,ID_435,0.97842383
2026-02-20 17:46:47,ID_1756,1.0786843
2026-02-20 17:46:47,ID_2000,1.0168887
2026-02-20 17:46:47,ID_1570,0.9891697
2026-02-20 17:46:47,ID_435,0.97874665
2026-02-20 17:46:47,ID_1756,1.0603651
2026-02-20 17:46:47,ID_2000,1.0321509
2026-02-20 17:46:47,ID_1570,0.98914236
2026-02-20 17:46:47,ID_435,0.9775784
2026-02-20 17:46:47,ID_1756,1.0436318
2026-02-20 17:46:47,ID_2000,1.0163665
2026-02-20 17:46:47,ID_1570,0.989205
2026-02-20 17:46:47,ID_395,0.977733
2026-02-20 17:46:47,ID_1756,1.0733938
2026-02-20 17:46:47,ID_2040,1.0671129
2026-02-20 17:46:47,ID_1570,0.989372
2026-02-20 17:46:47,ID_395,0.97775704
2026-02-20 17:46:47,ID_1138,0.15831369
2026-02-20 17:46:47,ID_2040,1.0576127
2026-02-20 17:46:47,ID_1756,1.0544772
2026-02-20 17:46:47,ID_1571,0.98959535
2026-02-20 17:46:47,ID_395,0.97755694
2026-02-20 17:46:47,ID_1140,0.17520231
2026-02-20 17:46:47,ID_2040,1.0940969
2026-02-20 17:46:47,ID_1756,1.0652646
2026-02-20 17:46:47,ID_1571,0.98976934
2026-02-20 17:46:47,ID_1435,0.9784355
2026-02-20 17:46:47,ID_1179,0.175996
2026-02-20 17:46:47,ID_2040,1.0782094
2026-02-20 17:46:47,ID_1756,1.0510751
2026-02-20 17:46:47,ID_1570,0.98944193
2026-02-20 17:46:47,ID_1435,0.9786895
2026-02-20 17:46:47,ID_1138,0.278446
2026-02-20 17:46:47,ID_1756,1.070836
2026-02-20 17:46:47,ID_2040,1.0431557
2026-02-20 17:46:47,ID_1570,0.9893491
2026-02-20 17:46:47,ID_395,0.977822
2026-02-20 17:46:47,ID_1756,1.0518532
2026-02-20 17:46:47,ID_1999,1.0027193
2026-02-20 17:46:47,ID_1570,0.98935646
2026-02-20 17:46:47,ID_395,0.9782119
2026-02-20 17:46:47,ID_1776,1.0627735
2026-02-20 17:46:47,ID_1999,0.99156475
2026-02-20 17:46:47,ID_1570,0.9892186
2026-02-20 17:46:47,ID_395,0.9778147
2026-02-20 17:46:47,ID_1756,1.0705442
2026-02-20 17:46:47,ID_1570,0.98930204
2026-02-20 17:46:47,ID_395,0.97804743
2026-02-20 17:46:47,ID_2000,0.9742763
2026-02-20 17:46:47,ID_1776,1.0361989
2026-02-20 17:46:47,ID_1570,0.9893509
2026-02-20 17:46:47,ID_395,0.97902215
2026-02-20 17:46:47,ID_2000,0.9614316
2026-02-20 17:46:47,ID_1776,1.0525229
2026-02-20 17:46:47,ID_1570,0.9892831
2026-02-20 17:46:47,ID_395,0.97941196
2026-02-20 17:46:47,ID_1606,0.8915186
2026-02-20 17:46:47,ID_1776,1.0869266
2026-02-20 17:46:47,ID_2000,0.99559546
2026-02-20 17:46:47,ID_1570,0.9892732
2026-02-20 17:46:47,ID_395,0.97950137
2026-02-20 17:46:47,ID_1776,1.0393827
2026-02-20 17:46:47,ID_2000,1.0098239
2026-02-20 17:46:47,ID_1570,0.9892404
2026-02-20 17:46:47,ID_395,0.97825646
2026-02-20 17:46:47,ID_1604,1.0722342
2026-02-20 17:46:47,ID_1756,1.034929
2026-02-20 17:46:47,ID_1570,0.989286
2026-02-20 17:46:47,ID_395,0.9784507
2026-02-20 17:46:47,ID_1756,1.033374
2026-02-20 17:46:47,ID_1604,1.0287397
2026-02-20 17:46:47,ID_1570,0.9893658
2026-02-20 17:46:47,ID_395,0.97734207
2026-02-20 17:46:47,ID_2000,1.0146425
2026-02-20 17:46:47,ID_1756,1.011344
2026-02-20 17:46:47,ID_1570,0.9893211
2026-02-20 17:46:47,ID_395,0.97713494
2026-02-20 17:46:47,ID_1756,1.0137951
2026-02-20 17:46:47,ID_1570,0.9893102
2026-02-20 17:46:47,ID_2000,0.98354703
2026-02-20 17:46:47,ID_395,0.9775405
2026-02-20 17:46:47,ID_1605,1.0389394
2026-02-20 17:46:47,ID_1756,1.0133827
2026-02-20 17:46:47,ID_1570,0.9893843
2026-02-20 17:46:47,ID_395,0.97815895
2026-02-20 17:46:47,ID_1776,1.0243866
2026-02-20 17:46:47,ID_2000,1.0116714
2026-02-20 17:46:47,ID_1570,0.9896192
2026-02-20 17:46:47,ID_395,0.97894824
2026-02-20 17:46:47,ID_1605,1.130602
2026-02-20 17:46:47,ID_1756,1.0496304
2026-02-20 17:46:47,ID_1570,0.98930657
2026-02-20 17:46:47,ID_395,0.978477
2026-02-20 17:46:47,ID_1605,1.1532973
2026-02-20 17:46:47,ID_1756,1.0261893
2026-02-20 17:46:47,ID_1570,0.98945767
2026-02-20 17:46:47,ID_395,0.97792083
2026-02-20 17:46:47,ID_1605,1.1801004
2026-02-20 17:46:47,ID_1756,1.0629714
2026-02-20 17:46:47,ID_1570,0.98903775
2026-02-20 17:46:47,ID_395,0.9772128
2026-02-20 17:46:47,ID_1605,1.1608299
2026-02-20 17:46:47,ID_1756,1.0594296
2026-02-20 17:46:47,ID_1570,0.98898375
2026-02-20 17:46:47,ID_395,0.9780576
2026-02-20 17:46:47,ID_1776,1.0786256
2026-02-20 17:46:47,ID_1605,1.0506049
2026-02-20 17:46:47,ID_1570,0.98947173
2026-02-20 17:46:47,ID_395,0.9782702
2026-02-20 17:46:47,ID_1756,1.0330431
2026-02-20 17:46:47,ID_1604,1.0226753
2026-02-20 17:46:47,ID_1570,0.9894259
2026-02-20 17:46:47,ID_435,0.97807777
2026-02-20 17:46:47,ID_1756,1.0577426
2026-02-20 17:46:47,ID_1605,1.0424285
2026-02-20 17:46:47,ID_1570,0.9899299
2026-02-20 17:46:47,ID_1435,0.97820735
2026-02-20 17:46:47,ID_1756,1.0555024
2026-02-20 17:46:47,ID_1570,0.9895976
2026-02-20 17:46:47,ID_435,0.9776536
2026-02-20 17:46:47,ID_1604,0.9723201
2026-02-20 17:46:47,ID_1605,1.1428455
2026-02-20 17:46:47,ID_1756,1.0377266
2026-02-20 17:46:47,ID_1570,0.9898317
2026-02-20 17:46:47,ID_435,0.97921044
2026-02-20 17:46:47,ID_1756,1.0276375
2026-02-20 17:46:47,ID_1570,0.98944205
2026-02-20 17:46:47,ID_435,0.98044264
2026-02-20 17:46:47,ID_1605,0.9682654
2026-02-20 17:46:47,ID_1170,0.16694373
2026-02-20 17:46:47,ID_1605,1.0926172
2026-02-20 17:46:47,ID_1756,1.0148215
2026-02-20 17:46:47,ID_1570,0.9896651
2026-02-20 17:46:47,ID_435,0.9797431
2026-02-20 17:46:47,ID_2056,0.9927819
2026-02-20 17:46:47,ID_1570,0.98966664
2026-02-20 17:46:47,ID_435,0.9802569
2026-02-20 17:46:47,ID_1604,0.916508
2026-02-20 17:46:47,ID_2056,1.0011874
2026-02-20 17:46:47,ID_1588,0.989087
2026-02-20 17:46:47,ID_435,0.9802033
2026-02-20 17:46:47,ID_1604,0.96462697
2026-02-20 17:46:47,ID_1756,1.0148463
2026-02-20 17:46:47,ID_1604,0.9922775
2026-02-20 17:46:47,ID_1588,0.9893143
2026-02-20 17:46:47,ID_435,0.9792839
2026-02-20 17:46:47,ID_2056,0.9968642
2026-02-20 17:46:47,ID_1604,0.99259466
2026-02-20 17:46:47,ID_1588,0.98921126
2026-02-20 17:46:47,ID_435,0.98000264
2026-02-20 17:46:47,ID_2056,0.9991756
2026-02-20 17:46:47,ID_1588,0.9894353
2026-02-20 17:46:47,ID_395,0.9801025
2026-02-20 17:46:47,ID_1604,0.94693106
2026-02-20 17:46:47,ID_1756,1.040245
2026-02-20 17:46:47,ID_1570,0.989238
2026-02-20 17:46:47,ID_395,0.9795844
2026-02-20 17:46:47,ID_1604,0.8343295
2026-02-20 17:46:47,ID_1756,1.0395918
2026-02-20 17:46:47,ID_1570,0.9896889
2026-02-20 17:46:47,ID_395,0.97924674
2026-02-20 17:46:47,ID_2030,0.7615235
2026-02-20 17:46:47,ID_1756,1.044586
2026-02-20 17:46:47,ID_1570,0.9893178
2026-02-20 17:46:47,ID_395,0.9784998
2026-02-20 17:46:47,ID_2030,0.7626102
2026-02-20 17:46:47,ID_1604,1.1322509
2026-02-20 17:46:47,ID_1756,1.0547507
2026-02-20 17:46:47,ID_1568,0.98910594
2026-02-20 17:46:47,ID_1435,0.97866523
2026-02-20 17:46:47,ID_1756,1.0244418
2026-02-20 17:46:47,ID_1568,0.9891132
2026-02-20 17:46:47,ID_1435,0.9795152
2026-02-20 17:46:47,ID_1604,0.8102915
2026-02-20 17:46:48,ID_1756,1.0180564
2026-02-20 17:46:48,ID_1568,0.9891628
2026-02-20 17:46:48,ID_395,0.9796802
2026-02-20 17:46:48,ID_2002,0.94779897
2026-02-20 17:46:48,ID_2000,1.0066006
2026-02-20 17:46:48,ID_1568,0.9891265
2026-02-20 17:46:48,ID_1435,0.9798175
2026-02-20 17:46:48,ID_2057,0.97516143
2026-02-20 17:46:48,ID_1607,1.0202103
2026-02-20 17:46:48,ID_1568,0.98887205
2026-02-20 17:46:48,ID_435,0.97891724
2026-02-20 17:46:48,ID_2057,0.97810477
2026-02-20 17:46:48,ID_2000,0.9920006
2026-02-20 17:46:48,ID_1569,0.98911107
2026-02-20 17:46:48,ID_435,0.9794653
2026-02-20 17:46:48,ID_2057,0.96858525
2026-02-20 17:46:48,ID_2000,0.9911545
2026-02-20 17:46:48,ID_1568,0.98904693
2026-02-20 17:46:48,ID_435,0.9801123
2026-02-20 17:46:48,ID_2057,0.97504467
2026-02-20 17:46:48,ID_1568,0.9890294
2026-02-20 17:46:48,ID_2057,0.9815692
2026-02-20 17:46:48,ID_395,0.98019135
2026-02-20 17:46:48,ID_2000,0.9776656
2026-02-20 17:46:48,ID_1568,0.9891045
2026-02-20 17:46:48,ID_2000,0.98339033
2026-02-20 17:46:48,ID_395,0.9810014
2026-02-20 17:46:48,ID_2057,0.9801735
2026-02-20 17:46:48,ID_2057,0.9915553
2026-02-20 17:46:48,ID_1568,0.9892789
2026-02-20 17:46:48,ID_2000,0.98515344
2026-02-20 17:46:48,ID_395,0.98103565
2026-02-20 17:46:48,ID_2057,0.99106073
2026-02-20 17:46:48,ID_1568,0.9893081
2026-02-20 17:46:48,ID_2000,0.9840131
2026-02-20 17:46:48,ID_395,0.9815215
2026-02-20 17:46:48,ID_1568,0.98951036
2026-02-20 17:46:48,ID_2056,0.98645127
2026-02-20 17:46:48,ID_395,0.9823084
2026-02-20 17:46:48,ID_1607,0.959844
2026-02-20 17:46:48,ID_1568,0.98955923
2026-02-20 17:46:48,ID_2064,0.9834958
2026-02-20 17:46:48,ID_395,0.9827277
2026-02-20 17:46:48,ID_2000,0.9674663
2026-02-20 17:46:48,ID_2064,0.9944107
2026-02-20 17:46:48,ID_1568,0.98947525
2026-02-20 17:46:48,ID_355,0.98262864
2026-02-20 17:46:48,ID_2000,0.9809619
2026-02-20 17:46:48,ID_2064,0.9981696
2026-02-20 17:46:48,ID_1568,0.98946357
2026-02-20 17:46:48,ID_395,0.9827508
2026-02-20 17:46:48,ID_2000,0.9756514
2026-02-20 17:46:48,ID_2064,0.9973889
2026-02-20 17:46:48,ID_1568,0.98965675
2026-02-20 17:46:48,ID_395,0.9827439
2026-02-20 17:46:48,ID_2000,0.9764408
2026-02-20 17:46:48,ID_2064,0.9972215
2026-02-20 17:46:48,ID_1568,0.9896814
2026-02-20 17:46:48,ID_395,0.9832081
2026-02-20 17:46:48,ID_2030,0.9713962
2026-02-20 17:46:48,ID_2056,0.99649197
2026-02-20 17:46:48,ID_1568,0.9896735
2026-02-20 17:46:48,ID_395,0.98311615
2026-02-20 17:46:48,ID_2000,0.9540341
2026-02-20 17:46:48,ID_2064,0.9905219
2026-02-20 17:46:48,ID_1568,0.9897591
2026-02-20 17:46:48,ID_355,0.98274803
2026-02-20 17:46:48,ID_2000,0.9587016
2026-02-20 17:46:48,ID_2056,0.99884367
2026-02-20 17:46:48,ID_1568,0.9896965
2026-02-20 17:46:48,ID_2000,0.98338664
2026-02-20 17:46:48,ID_355,0.98237205
2026-02-20 17:46:48,ID_2056,0.9998562
2026-02-20 17:46:48,ID_1568,0.98971605
2026-02-20 17:46:48,ID_355,0.98269445
2026-02-20 17:46:48,ID_2000,0.95500356
2026-02-20 17:46:48,ID_2056,0.9974671
2026-02-20 17:46:48,ID_1568,0.9897467
2026-02-20 17:46:48,ID_2000,0.9869708
2026-02-20 17:46:48,ID_355,0.98265994
2026-02-20 17:46:48,ID_2056,0.99725246
2026-02-20 17:46:48,ID_1568,0.98957
2026-02-20 17:46:48,ID_355,0.9825672
2026-02-20 17:46:48,ID_2000,0.9749085
2026-02-20 17:46:48,ID_2056,1.0023196
2026-02-20 17:46:48,ID_1568,0.98931617
2026-02-20 17:46:48,ID_355,0.98228216
2026-02-20 17:46:48,ID_2000,0.96978915
2026-02-20 17:46:48,ID_2056,1.0056684
2026-02-20 17:46:48,ID_1568,0.9893962
2026-02-20 17:46:48,ID_355,0.9821767
2026-02-20 17:46:48,ID_1608,0.96431154
2026-02-20 17:46:48,ID_2056,1.0077232
2026-02-20 17:46:48,ID_1568,0.9893811
2026-02-20 17:46:48,ID_355,0.9821203
2026-02-20 17:46:48,ID_1608,0.97073686
2026-02-20 17:46:48,ID_2056,1.0040784
2026-02-20 17:46:48,ID_1568,0.98932815
2026-02-20 17:46:48,ID_355,0.9824141
2026-02-20 17:46:48,ID_1608,0.96502316
2026-02-20 17:46:48,ID_2056,1.0023736
2026-02-20 17:46:48,ID_1568,0.9893162
2026-02-20 17:46:48,ID_355,0.9821838
2026-02-20 17:46:48,ID_2001,0.95093334
2026-02-20 17:46:48,ID_2056,0.9985109
2026-02-20 17:46:48,ID_1568,0.98928565
2026-02-20 17:46:48,ID_355,0.9816667
2026-02-20 17:46:48,ID_2000,0.9746119
2026-02-20 17:46:48,ID_2056,1.0007437
2026-02-20 17:46:48,ID_1568,0.9893279
2026-02-20 17:46:48,ID_355,0.9811625
2026-02-20 17:46:48,ID_2000,0.97695947
2026-02-20 17:46:48,ID_2056,1.0015686
2026-02-20 17:46:48,ID_1568,0.98934567
2026-02-20 17:46:48,ID_355,0.98141384
2026-02-20 17:46:48,ID_2000,0.9516562
2026-02-20 17:46:48,ID_2056,1.0034406
2026-02-20 17:46:48,ID_1568,0.98912954
2026-02-20 17:46:48,ID_355,0.9812538
2026-02-20 17:46:48,ID_2000,0.9707556
2026-02-20 17:46:48,ID_2056,1.0024593
2026-02-20 17:46:48,ID_1568,0.98886573
2026-02-20 17:46:48,ID_2000,0.9814838
2026-02-20 17:46:48,ID_355,0.9812465
2026-02-20 17:46:48,ID_2056,1.002336
2026-02-20 17:46:48,ID_1568,0.98877287
2026-02-20 17:46:48,ID_355,0.98140484
2026-02-20 17:46:48,ID_2000,0.97699964
2026-02-20 17:46:48,ID_2056,1.0025134
2026-02-20 17:46:48,ID_1568,0.9888526
2026-02-20 17:46:48,ID_355,0.9815235
2026-02-20 17:46:48,ID_2000,0.9776046
2026-02-20 17:46:48,ID_2056,1.0022675
2026-02-20 17:46:48,ID_1568,0.98892224
2026-02-20 17:46:48,ID_355,0.98127306
2026-02-20 17:46:48,ID_2000,0.94560087
2026-02-20 17:46:48,ID_2056,1.0076048
2026-02-20 17:46:48,ID_1568,0.9888794
2026-02-20 17:46:48,ID_355,0.98158896
2026-02-20 17:46:48,ID_2000,0.97737205
2026-02-20 17:46:48,ID_2056,1.0088308
2026-02-20 17:46:48,ID_1568,0.9888605
2026-02-20 17:46:48,ID_355,0.9816065
2026-02-20 17:46:48,ID_2000,0.979641
2026-02-20 17:46:48,ID_2056,1.0095165
2026-02-20 17:46:48,ID_1568,0.9888586
2026-02-20 17:46:48,ID_2000,0.983582
2026-02-20 17:46:48,ID_355,0.9811131
2026-02-20 17:46:48,ID_2056,1.004419
2026-02-20 17:46:48,ID_1568,0.98892206
2026-02-20 17:46:48,ID_355,0.98059666
2026-02-20 17:46:48,ID_2000,0.9775517
2026-02-20 17:46:48,ID_2056,1.0069191
2026-02-20 17:46:48,ID_1588,0.98908174
2026-02-20 17:46:48,ID_355,0.98155516
2026-02-20 17:46:48,ID_2000,0.96896946
2026-02-20 17:46:48,ID_2030,1.0150533
2026-02-20 17:46:48,ID_2056,1.0070163
2026-02-20 17:46:48,ID_1568,0.98905134
2026-02-20 17:46:48,ID_355,0.9811828
2026-02-20 17:46:48,ID_2030,1.009398
2026-02-20 17:46:48,ID_2056,1.0050716
2026-02-20 17:46:48,ID_1568,0.98908514
2026-02-20 17:46:48,ID_355,0.9805337
2026-02-20 17:46:48,ID_2030,1.0055184
2026-02-20 17:46:48,ID_2056,1.0054107
2026-02-20 17:46:48,ID_1568,0.98900014
2026-02-20 17:46:48,ID_355,0.9797652
2026-02-20 17:46:48,ID_2056,1.005516
2026-02-20 17:46:48,ID_1568,0.9889203
2026-02-20 17:46:48,ID_2000,0.97966814
2026-02-20 17:46:48,ID_355,0.9793332
2026-02-20 17:46:48,ID_2056,1.0044609
2026-02-20 17:46:48,ID_1569,0.98894286
2026-02-20 17:46:48,ID_355,0.97949106
2026-02-20 17:46:48,ID_2000,0.96396315
2026-02-20 17:46:48,ID_2056,1.0047221
2026-02-20 17:46:48,ID_1569,0.98906267
2026-02-20 17:46:48,ID_2000,0.9795932
2026-02-20 17:46:48,ID_355,0.9795836
2026-02-20 17:46:48,ID_2056,1.004411
2026-02-20 17:46:48,ID_1568,0.98910165
2026-02-20 17:46:48,ID_355,0.9796654
2026-02-20 17:46:48,ID_1608,0.9778501
2026-02-20 17:46:48,ID_2056,1.0042783
2026-02-20 17:46:48,ID_1568,0.9892098
2026-02-20 17:46:48,ID_2000,0.988535
2026-02-20 17:46:48,ID_355,0.9799017
2026-02-20 17:46:48,ID_2056,0.99996084
2026-02-20 17:46:48,ID_1568,0.98926246
2026-02-20 17:46:48,ID_355,0.97949207
2026-02-20 17:46:48,ID_1608,0.9419928
2026-02-20 17:46:48,ID_1756,1.0080361
2026-02-20 17:46:48,ID_1568,0.98921597
2026-02-20 17:46:48,ID_2000,0.9871395
2026-02-20 17:46:48,ID_355,0.9802842
2026-02-20 17:46:48,ID_1756,1.002519
2026-02-20 17:46:48,ID_2030,0.9927572
2026-02-20 17:46:48,ID_1568,0.9891553
2026-02-20 17:46:48,ID_355,0.9794976
2026-02-20 17:46:48,ID_1756,1.0222006
2026-02-20 17:46:48,ID_2030,1.0009835
2026-02-20 17:46:48,ID_1568,0.98925185
2026-02-20 17:46:48,ID_355,0.980506
2026-02-20 17:46:49,ID_1756,1.0234325
2026-02-20 17:46:49,ID_2030,1.0108391
2026-02-20 17:46:49,ID_1568,0.989112
2026-02-20 17:46:49,ID_355,0.9805205
2026-02-20 17:46:49,ID_1756,1.07448
2026-02-20 17:46:49,ID_2030,1.01568
2026-02-20 17:46:49,ID_1568,0.9889991
2026-02-20 17:46:49,ID_355,0.9805654
2026-02-20 17:46:49,ID_1756,1.0945477
2026-02-20 17:46:49,ID_2030,0.99945736
2026-02-20 17:46:49,ID_1568,0.9890151
2026-02-20 17:46:49,ID_355,0.979772
2026-02-20 17:46:49,ID_1756,1.0653147
2026-02-20 17:46:49,ID_2030,0.9965037
2026-02-20 17:46:49,ID_1568,0.98909444
2026-02-20 17:46:49,ID_355,0.97979146
2026-02-20 17:46:49,ID_1756,1.0213159
2026-02-20 17:46:49,ID_2000,0.98912597
2026-02-20 17:46:49,ID_1568,0.98907936
2026-02-20 17:46:49,ID_355,0.9795034
2026-02-20 17:46:49,ID_2056,0.9998414
2026-02-20 17:46:49,ID_1570,0.9894891
2026-02-20 17:46:49,ID_395,0.97975755
2026-02-20 17:46:49,ID_2000,0.9167315
2026-02-20 17:46:49,ID_2056,1.001163
2026-02-20 17:46:49,ID_1570,0.9893825
2026-02-20 17:46:49,ID_395,0.9795501
2026-02-20 17:46:49,ID_1608,0.9371159
2026-02-20 17:46:49,ID_2056,1.0012825
2026-02-20 17:46:49,ID_1570,0.98997736
2026-02-20 17:46:49,ID_1608,0.9864632
2026-02-20 17:46:49,ID_395,0.9789004
2026-02-20 17:46:49,ID_2000,1.0065296
2026-02-20 17:46:49,ID_2056,1.003614
2026-02-20 17:46:49,ID_1570,0.9898143
2026-02-20 17:46:49,ID_355,0.97859514
2026-02-20 17:46:49,ID_2056,1.0076551
2026-02-20 17:46:49,ID_2000,1.0051392
2026-02-20 17:46:49,ID_1570,0.98979056
2026-02-20 17:46:49,ID_1435,0.9782491
2026-02-20 17:46:49,ID_2056,1.0077412
2026-02-20 17:46:49,ID_2000,0.99258685
2026-02-20 17:46:49,ID_1570,0.99009025
2026-02-20 17:46:49,ID_1435,0.978263
2026-02-20 17:46:49,ID_2056,1.005707
2026-02-20 17:46:49,ID_2000,0.992344
2026-02-20 17:46:49,ID_1570,0.9897374
2026-02-20 17:46:49,ID_1435,0.9778607
2026-02-20 17:46:49,ID_2056,1.0059109
2026-02-20 17:46:49,ID_2000,0.99692166
2026-02-20 17:46:49,ID_1570,0.9897547
2026-02-20 17:46:49,ID_435,0.97740686
2026-02-20 17:46:49,ID_2000,1.0034138
2026-02-20 17:46:49,ID_2056,1.0006521
2026-02-20 17:46:49,ID_1568,0.9896819
2026-02-20 17:46:49,ID_395,0.97798645
2026-02-20 17:46:49,ID_2000,1.0144677
2026-02-20 17:46:49,ID_2057,1.0017211
2026-02-20 17:46:49,ID_1568,0.9897604
2026-02-20 17:46:49,ID_395,0.9775609
2026-02-20 17:46:49,ID_1756,1.0105654
2026-02-20 17:46:49,ID_2000,1.006963
2026-02-20 17:46:49,ID_1570,0.9894104
2026-02-20 17:46:49,ID_395,0.9773507
2026-02-20 17:46:49,ID_2000,1.0205272
2026-02-20 17:46:49,ID_2057,0.9995045
2026-02-20 17:46:49,ID_1571,0.9894944
2026-02-20 17:46:49,ID_395,0.977176
2026-02-20 17:46:49,ID_2030,1.0232731
2026-02-20 17:46:49,ID_2056,1.0018755
2026-02-20 17:46:49,ID_1571,0.9894752
2026-02-20 17:46:49,ID_395,0.97719055
2026-02-20 17:46:49,ID_2001,1.0051961
2026-02-20 17:46:49,ID_2056,1.0021317
2026-02-20 17:46:49,ID_1571,0.98962224
2026-02-20 17:46:49,ID_395,0.9776445
2026-02-20 17:46:49,ID_2057,1.0034335
2026-02-20 17:46:49,ID_2002,0.9927428
2026-02-20 17:46:49,ID_1571,0.989393
2026-02-20 17:46:49,ID_395,0.9775859
2026-02-20 17:46:49,ID_2001,1.0062144
2026-02-20 17:46:49,ID_2057,1.0017147
2026-02-20 17:46:49,ID_1571,0.98964393
2026-02-20 17:46:49,ID_395,0.9770657
2026-02-20 17:46:49,ID_2056,1.0027626
2026-02-20 17:46:49,ID_1571,0.9897231
2026-02-20 17:46:49,ID_555,0.97886616
2026-02-20 17:46:49,ID_2002,0.9315805
2026-02-20 17:46:49,ID_1756,1.032181
2026-02-20 17:46:49,ID_1571,0.9896549
2026-02-20 17:46:49,ID_435,0.9780553
2026-02-20 17:46:49,ID_2002,0.9596454
2026-02-20 17:46:49,ID_1605,1.0885017
2026-02-20 17:46:49,ID_1756,1.0527525
2026-02-20 17:46:49,ID_1571,0.9895517
2026-02-20 17:46:49,ID_435,0.97772545
2026-02-20 17:46:49,ID_1605,1.238877
2026-02-20 17:46:49,ID_1756,1.0607004
2026-02-20 17:46:49,ID_1571,0.9893005
2026-02-20 17:46:49,ID_395,0.9780167
2026-02-20 17:46:49,ID_1605,1.1262487
2026-02-20 17:46:49,ID_1756,1.0875936
2026-02-20 17:46:49,ID_1571,0.98930955
2026-02-20 17:46:49,ID_395,0.9780648
2026-02-20 17:46:49,ID_1756,1.0751898
2026-02-20 17:46:49,ID_1571,0.98949355
2026-02-20 17:46:49,ID_2003,0.9794391
2026-02-20 17:46:49,ID_395,0.9780343
2026-02-20 17:46:49,ID_1756,1.0704408
2026-02-20 17:46:49,ID_1571,0.989638
2026-02-20 17:46:49,ID_395,0.9786164
2026-02-20 17:46:49,ID_2002,0.9738611
2026-02-20 17:46:49,ID_1756,1.1014844
2026-02-20 17:46:49,ID_1605,1.0178088
2026-02-20 17:46:49,ID_1571,0.98950595
2026-02-20 17:46:49,ID_395,0.97918975
2026-02-20 17:46:49,ID_1604,1.1835399
2026-02-20 17:46:49,ID_1756,1.0820911
2026-02-20 17:46:49,ID_1571,0.9897522
2026-02-20 17:46:49,ID_395,0.97977114
2026-02-20 17:46:49,ID_1604,1.1885728
2026-02-20 17:46:49,ID_1756,1.0851865
2026-02-20 17:46:49,ID_1571,0.98964953
2026-02-20 17:46:49,ID_395,0.9797293
2026-02-20 17:46:49,ID_1604,1.2021319
2026-02-20 17:46:49,ID_1756,1.0951506
2026-02-20 17:46:49,ID_1571,0.9898051
2026-02-20 17:46:49,ID_395,0.9777628
2026-02-20 17:46:49,ID_1605,1.2185409
2026-02-20 17:46:49,ID_1756,1.0920782
2026-02-20 17:46:49,ID_1568,0.9895524
2026-02-20 17:46:49,ID_395,0.9782859
2026-02-20 17:46:49,ID_1605,1.188226
2026-02-20 17:46:49,ID_1756,1.0519629
2026-02-20 17:46:49,ID_1571,0.989823
2026-02-20 17:46:49,ID_1435,0.97707236
2026-02-20 17:46:49,ID_1605,1.1003033
2026-02-20 17:46:49,ID_1756,1.0625694
2026-02-20 17:46:49,ID_1571,0.9899021
2026-02-20 17:46:49,ID_395,0.9770816
2026-02-20 17:46:49,ID_1756,1.0651493
2026-02-20 17:46:49,ID_2000,1.0206614
2026-02-20 17:46:49,ID_1571,0.9899582
2026-02-20 17:46:49,ID_395,0.9774711
2026-02-20 17:46:49,ID_2030,1.0328453
2026-02-20 17:46:49,ID_1756,1.027217
2026-02-20 17:46:49,ID_1571,0.9900899
2026-02-20 17:46:49,ID_395,0.97803414
2026-02-20 17:46:49,ID_2040,1.068085
2026-02-20 17:46:49,ID_1756,1.0462976
2026-02-20 17:46:49,ID_1571,0.9900923
2026-02-20 17:46:49,ID_395,0.9775383
2026-02-20 17:46:49,ID_1756,1.0282719
2026-02-20 17:46:49,ID_2000,1.0211934
2026-02-20 17:46:49,ID_1571,0.9900658
2026-02-20 17:46:49,ID_395,0.9777305
2026-02-20 17:46:49,ID_2030,1.0454634
2026-02-20 17:46:49,ID_2056,1.0135019
2026-02-20 17:46:49,ID_1571,0.9900702
2026-02-20 17:46:49,ID_395,0.9773126
2026-02-20 17:46:49,ID_2030,1.0425549
2026-02-20 17:46:49,ID_2056,1.0133603
2026-02-20 17:46:49,ID_1571,0.9900421
2026-02-20 17:46:49,ID_395,0.9774128
2026-02-20 17:46:49,ID_2000,1.0302826
2026-02-20 17:46:49,ID_2056,1.0154257
2026-02-20 17:46:49,ID_1571,0.99000466
2026-02-20 17:46:49,ID_395,0.97697574
2026-02-20 17:46:49,ID_2000,1.0190811
2026-02-20 17:46:49,ID_2056,1.0151526
2026-02-20 17:46:49,ID_1571,0.990312
2026-02-20 17:46:49,ID_395,0.97765636
2026-02-20 17:46:49,ID_2056,1.0145444
2026-02-20 17:46:49,ID_1571,0.99031675
2026-02-20 17:46:49,ID_2000,0.98139894
2026-02-20 17:46:49,ID_395,0.9780696
2026-02-20 17:46:49,ID_2040,1.0351835
2026-02-20 17:46:49,ID_2056,1.007664
2026-02-20 17:46:49,ID_1571,0.9903364
2026-02-20 17:46:49,ID_395,0.9779052
2026-02-20 17:46:49,ID_2040,1.0579685
2026-02-20 17:46:49,ID_2056,1.0071208
2026-02-20 17:46:49,ID_1571,0.99042565
2026-02-20 17:46:49,ID_395,0.977825
2026-02-20 17:46:49,ID_1608,1.0222168
2026-02-20 17:46:49,ID_2056,1.0054796
2026-02-20 17:46:49,ID_1571,0.99056894
2026-02-20 17:46:49,ID_395,0.97830564
2026-02-20 17:46:49,ID_2030,1.0473261
2026-02-20 17:46:49,ID_2056,1.0083065
2026-02-20 17:46:49,ID_1571,0.99040824
2026-02-20 17:46:49,ID_355,0.97891617
2026-02-20 17:46:49,ID_2040,1.1029457
2026-02-20 17:46:49,ID_1773,1.0346205
2026-02-20 17:46:49,ID_1571,0.9904649
2026-02-20 17:46:49,ID_355,0.97997916
2026-02-20 17:46:49,ID_2040,1.1134294
2026-02-20 17:46:49,ID_1773,1.0258802
2026-02-20 17:46:49,ID_1571,0.99041086
2026-02-20 17:46:49,ID_355,0.9809458
2026-02-20 17:46:50,ID_2040,1.117008
2026-02-20 17:46:50,ID_2056,1.0081794
2026-02-20 17:46:50,ID_1571,0.99035215
2026-02-20 17:46:50,ID_355,0.9806378
2026-02-20 17:46:50,ID_2040,1.1227694
2026-02-20 17:46:50,ID_1773,1.0139737
2026-02-20 17:46:50,ID_1571,0.99052846
2026-02-20 17:46:50,ID_355,0.9802665
2026-02-20 17:46:50,ID_2040,1.1220742
2026-02-20 17:46:50,ID_1773,1.011423
2026-02-20 17:46:50,ID_1571,0.990502
2026-02-20 17:46:50,ID_355,0.9802211
2026-02-20 17:46:50,ID_2040,1.1290718
2026-02-20 17:46:50,ID_1793,1.0319911
2026-02-20 17:46:50,ID_1571,0.9905989
2026-02-20 17:46:50,ID_355,0.98029417
2026-02-20 17:46:50,ID_2040,1.1316426
2026-02-20 17:46:50,ID_2056,1.0140179
2026-02-20 17:46:50,ID_1571,0.9907769
2026-02-20 17:46:50,ID_395,0.9795688
2026-02-20 17:46:50,ID_2040,1.1298931
2026-02-20 17:46:50,ID_1773,1.0302148
2026-02-20 17:46:50,ID_1571,0.99073714
2026-02-20 17:46:50,ID_395,0.9801407
2026-02-20 17:46:50,ID_2040,1.1339571
2026-02-20 17:46:50,ID_1773,1.0574397
2026-02-20 17:46:50,ID_1571,0.9908266
2026-02-20 17:46:50,ID_395,0.97925997
2026-02-20 17:46:50,ID_2040,1.138361
2026-02-20 17:46:50,ID_1773,1.0585303
2026-02-20 17:46:50,ID_1571,0.99075186
2026-02-20 17:46:50,ID_395,0.9798279
2026-02-20 17:46:50,ID_2040,1.138824
2026-02-20 17:46:50,ID_1773,1.0815434
2026-02-20 17:46:50,ID_1571,0.9906971
2026-02-20 17:46:50,ID_555,0.98059464
2026-02-20 17:46:50,ID_2040,1.1318696
2026-02-20 17:46:50,ID_1773,1.0388782
2026-02-20 17:46:50,ID_1571,0.9905716
2026-02-20 17:46:50,ID_355,0.9803544
2026-02-20 17:46:50,ID_2040,1.139363
2026-02-20 17:46:50,ID_1794,1.0506527
2026-02-20 17:46:50,ID_1571,0.99047804
2026-02-20 17:46:50,ID_395,0.97989607
2026-02-20 17:46:50,ID_2040,1.1383674
2026-02-20 17:46:50,ID_1794,1.0868788
2026-02-20 17:46:50,ID_1571,0.9903543
2026-02-20 17:46:50,ID_515,0.97941184
2026-02-20 17:46:50,ID_1092,0.17022485
2026-02-20 17:46:50,ID_2040,1.1339701
2026-02-20 17:46:50,ID_1794,1.0872024
2026-02-20 17:46:50,ID_1571,0.9902661
2026-02-20 17:46:50,ID_555,0.97940326
2026-02-20 17:46:50,ID_2040,1.1383125
2026-02-20 17:46:50,ID_1773,1.0588286
2026-02-20 17:46:50,ID_1571,0.9903194
2026-02-20 17:46:50,ID_875,0.9791273
2026-02-20 17:46:50,ID_2040,1.1453172
2026-02-20 17:46:50,ID_1773,1.1072195
2026-02-20 17:46:50,ID_1571,0.9899541
2026-02-20 17:46:50,ID_875,0.979375
2026-02-20 17:46:50,ID_2040,1.1418536
2026-02-20 17:46:50,ID_1773,1.0972412
2026-02-20 17:46:50,ID_1571,0.9901562
2026-02-20 17:46:50,ID_715,0.9792992
2026-02-20 17:46:50,ID_1884,0.16495731
2026-02-20 17:46:50,ID_2040,1.1426423
2026-02-20 17:46:50,ID_1773,1.0936613
2026-02-20 17:46:50,ID_1571,0.9900161
2026-02-20 17:46:50,ID_395,0.978919
2026-02-20 17:46:50,ID_2040,1.1428258
2026-02-20 17:46:50,ID_1773,1.0952106
2026-02-20 17:46:50,ID_1571,0.9899508
2026-02-20 17:46:50,ID_395,0.9788039
2026-02-20 17:46:50,ID_2040,1.1424171
2026-02-20 17:46:50,ID_1773,1.0956736
2026-02-20 17:46:50,ID_1571,0.99008274
2026-02-20 17:46:50,ID_395,0.9785848
2026-02-20 17:46:50,ID_2040,1.1475543
2026-02-20 17:46:50,ID_1773,1.1084543
2026-02-20 17:46:50,ID_1570,0.9901344
2026-02-20 17:46:50,ID_395,0.97892183
2026-02-20 17:46:50,ID_2040,1.1387656
2026-02-20 17:46:50,ID_1773,1.0669384
2026-02-20 17:46:50,ID_1570,0.9897547
2026-02-20 17:46:50,ID_395,0.97872484
2026-02-20 17:46:50,ID_2040,1.1347388
2026-02-20 17:46:50,ID_1773,1.0605907
2026-02-20 17:46:50,ID_1571,0.98990166
2026-02-20 17:46:50,ID_395,0.9783685
2026-02-20 17:46:50,ID_2040,1.1357373
2026-02-20 17:46:50,ID_1773,1.0723807
2026-02-20 17:46:50,ID_1571,0.9898548
2026-02-20 17:46:50,ID_395,0.9789374
2026-02-20 17:46:50,ID_2040,1.138208
2026-02-20 17:46:50,ID_1773,1.0499957
2026-02-20 17:46:50,ID_1571,0.9898981
2026-02-20 17:46:50,ID_555,0.9790733
2026-02-20 17:46:50,ID_2040,1.1404997
2026-02-20 17:46:50,ID_1773,1.0924649
2026-02-20 17:46:50,ID_1571,0.9897007
2026-02-20 17:46:50,ID_555,0.97902584
2026-02-20 17:46:50,ID_2040,1.1380635
2026-02-20 17:46:50,ID_1773,1.0842721
2026-02-20 17:46:50,ID_1571,0.98983556
2026-02-20 17:46:50,ID_555,0.9794317
2026-02-20 17:46:50,ID_2040,1.141278
2026-02-20 17:46:50,ID_1773,1.0829058
2026-02-20 17:46:50,ID_1571,0.9899155
2026-02-20 17:46:50,ID_395,0.98069865
2026-02-20 17:46:50,ID_2040,1.1402307
2026-02-20 17:46:50,ID_1773,1.0684774
2026-02-20 17:46:50,ID_1571,0.98988956
2026-02-20 17:46:50,ID_555,0.9802886
2026-02-20 17:46:50,ID_2040,1.1310973
2026-02-20 17:46:50,ID_1773,1.0669948
2026-02-20 17:46:50,ID_1571,0.98979294
2026-02-20 17:46:50,ID_555,0.98093617
2026-02-20 17:46:50,ID_2040,1.1143211
2026-02-20 17:46:50,ID_1773,1.0684134
2026-02-20 17:46:50,ID_1570,0.9899286
2026-02-20 17:46:50,ID_555,0.98088527
2026-02-20 17:46:50,ID_2040,1.1058205
2026-02-20 17:46:50,ID_1773,1.0869999
2026-02-20 17:46:50,ID_1570,0.98990315
2026-02-20 17:46:50,ID_555,0.9810044
2026-02-20 17:46:50,ID_2040,1.1379112
2026-02-20 17:46:50,ID_1773,1.0780969
2026-02-20 17:46:50,ID_1571,0.9898047
2026-02-20 17:46:50,ID_555,0.9806727
2026-02-20 17:46:50,ID_2040,1.1054496
2026-02-20 17:46:50,ID_1773,1.1054054
2026-02-20 17:46:50,ID_1571,0.9898182
2026-02-20 17:46:50,ID_555,0.981231
2026-02-20 17:46:50,ID_1773,1.1152089
2026-02-20 17:46:50,ID_2040,1.1132989
2026-02-20 17:46:50,ID_1571,0.9899143
2026-02-20 17:46:50,ID_555,0.98148024
2026-02-20 17:46:50,ID_2040,1.0984979
2026-02-20 17:46:50,ID_1773,1.0984163
2026-02-20 17:46:50,ID_1571,0.9899422
2026-02-20 17:46:50,ID_555,0.98198867
2026-02-20 17:46:50,ID_2040,1.1166672
2026-02-20 17:46:50,ID_1773,1.1078811
2026-02-20 17:46:50,ID_1571,0.9898607
2026-02-20 17:46:50,ID_555,0.9820409
2026-02-20 17:46:50,ID_2040,1.1121103
2026-02-20 17:46:50,ID_1773,1.0879264
2026-02-20 17:46:50,ID_1571,0.9898608
2026-02-20 17:46:50,ID_515,0.98129284
2026-02-20 17:46:50,ID_2040,1.1116458
2026-02-20 17:46:50,ID_1773,1.0773087
2026-02-20 17:46:50,ID_1571,0.98985124
2026-02-20 17:46:50,ID_515,0.9810028
2026-02-20 17:46:50,ID_1773,1.0965903
2026-02-20 17:46:50,ID_2040,1.094031
2026-02-20 17:46:50,ID_1571,0.98989993
2026-02-20 17:46:50,ID_475,0.980485
2026-02-20 17:46:50,ID_1773,1.0960295
2026-02-20 17:46:50,ID_2030,1.0676551
2026-02-20 17:46:50,ID_1571,0.98992366
2026-02-20 17:46:50,ID_475,0.9807066
2026-02-20 17:46:50,ID_1773,1.0911105
2026-02-20 17:46:50,ID_2030,1.065498
2026-02-20 17:46:50,ID_1571,0.9899887
2026-02-20 17:46:50,ID_475,0.9806137
2026-02-20 17:46:50,ID_1773,1.0807719
2026-02-20 17:46:50,ID_2030,1.0720799
2026-02-20 17:46:50,ID_1571,0.9900209
2026-02-20 17:46:50,ID_395,0.98159266
2026-02-20 17:46:50,ID_2040,1.0745203
2026-02-20 17:46:50,ID_1773,1.0368342
2026-02-20 17:46:50,ID_1571,0.98975426
2026-02-20 17:46:50,ID_395,0.9807938
2026-02-20 17:46:50,ID_2040,1.1228147
2026-02-20 17:46:50,ID_2065,1.0264405
2026-02-20 17:46:50,ID_1570,0.9898361
2026-02-20 17:46:50,ID_395,0.98010254
2026-02-20 17:46:50,ID_2040,1.1070803
2026-02-20 17:46:50,ID_2065,1.0260594
2026-02-20 17:46:50,ID_1570,0.98986983
2026-02-20 17:46:50,ID_715,0.979572
2026-02-20 17:46:50,ID_2040,1.1262107
2026-02-20 17:46:50,ID_2065,1.0289278
2026-02-20 17:46:50,ID_1570,0.989807
2026-02-20 17:46:50,ID_715,0.97973263
2026-02-20 17:46:50,ID_2040,1.1078241
2026-02-20 17:46:50,ID_2065,1.023065
2026-02-20 17:46:50,ID_1570,0.98978555
2026-02-20 17:46:50,ID_555,0.979576
2026-02-20 17:46:50,ID_2040,1.087388
2026-02-20 17:46:50,ID_2065,1.0208648
2026-02-20 17:46:50,ID_1570,0.98958397
2026-02-20 17:46:50,ID_555,0.98007524
2026-02-20 17:46:50,ID_2030,1.0658443
2026-02-20 17:46:50,ID_2065,1.0090936
2026-02-20 17:46:50,ID_1571,0.98963803
2026-02-20 17:46:50,ID_395,0.9808958
2026-02-20 17:46:50,ID_2040,1.0760013
2026-02-20 17:46:50,ID_2065,1.0089023
2026-02-20 17:46:50,ID_1571,0.9896352
2026-02-20 17:46:50,ID_395,0.98025066
2026-02-20 17:46:50,ID_2040,1.0898874
2026-02-20 17:46:50,ID_2065,1.0107636
2026-02-20 17:46:50,ID_1568,0.9895395
2026-02-20 17:46:50,ID_395,0.98032403
2026-02-20 17:46:51,ID_2040,1.057209
2026-02-20 17:46:51,ID_2065,1.003283
2026-02-20 17:46:51,ID_1568,0.9895824
2026-02-20 17:46:51,ID_555,0.9807415
2026-02-20 17:46:51,ID_2040,1.0605006
2026-02-20 17:46:51,ID_2065,1.005392
2026-02-20 17:46:51,ID_1568,0.98961014
2026-02-20 17:46:51,ID_555,0.9807904
2026-02-20 17:46:51,ID_2030,1.055836
2026-02-20 17:46:51,ID_2056,1.0093346
2026-02-20 17:46:51,ID_1568,0.9895806
2026-02-20 17:46:51,ID_355,0.9808874
2026-02-20 17:46:51,ID_2040,1.0615704
2026-02-20 17:46:51,ID_2056,1.0115106
2026-02-20 17:46:51,ID_1568,0.98949105
2026-02-20 17:46:51,ID_355,0.98103005
2026-02-20 17:46:51,ID_2030,1.059744
2026-02-20 17:46:51,ID_2056,1.0097551
2026-02-20 17:46:51,ID_1568,0.9894524
2026-02-20 17:46:51,ID_395,0.9812734
2026-02-20 17:46:51,ID_2040,1.1129599
2026-02-20 17:46:51,ID_2065,1.0178558
2026-02-20 17:46:51,ID_1571,0.98951375
2026-02-20 17:46:51,ID_715,0.9811398
2026-02-20 17:46:51,ID_2040,1.1078804
2026-02-20 17:46:51,ID_1773,1.0214524
2026-02-20 17:46:51,ID_1571,0.9894024
2026-02-20 17:46:51,ID_555,0.98053586
2026-02-20 17:46:51,ID_2030,1.0453905
2026-02-20 17:46:51,ID_2056,1.0155262
2026-02-20 17:46:51,ID_1571,0.98940694
2026-02-20 17:46:51,ID_395,0.9812219
2026-02-20 17:46:51,ID_2040,1.0781841
2026-02-20 17:46:51,ID_2056,1.0133524
2026-02-20 17:46:51,ID_1568,0.9894937
2026-02-20 17:46:51,ID_555,0.9811528
2026-02-20 17:46:51,ID_2040,1.087102
2026-02-20 17:46:51,ID_1773,1.020283
2026-02-20 17:46:51,ID_1568,0.9894905
2026-02-20 17:46:51,ID_715,0.9803229
2026-02-20 17:46:51,ID_2040,1.0899217
2026-02-20 17:46:51,ID_2065,1.0157444
2026-02-20 17:46:51,ID_1568,0.9895587
2026-02-20 17:46:51,ID_555,0.98058647
2026-02-20 17:46:51,ID_2040,1.0906448
2026-02-20 17:46:51,ID_2065,1.0171338
2026-02-20 17:46:51,ID_1568,0.989547
2026-02-20 17:46:51,ID_555,0.98055756
2026-02-20 17:46:51,ID_2040,1.0747952
2026-02-20 17:46:51,ID_2065,1.0117581
2026-02-20 17:46:51,ID_1568,0.9896891
2026-02-20 17:46:51,ID_715,0.98019093
2026-02-20 17:46:51,ID_2040,1.0919853
2026-02-20 17:46:51,ID_2065,1.0115328
2026-02-20 17:46:51,ID_1568,0.98959506
2026-02-20 17:46:51,ID_555,0.9803341
2026-02-20 17:46:51,ID_2040,1.082422
2026-02-20 17:46:51,ID_2065,1.0104318
2026-02-20 17:46:51,ID_1568,0.9895601
2026-02-20 17:46:51,ID_555,0.97981143
2026-02-20 17:46:51,ID_2030,1.0471231
2026-02-20 17:46:51,ID_2065,1.0098948
2026-02-20 17:46:51,ID_1568,0.9896036
2026-02-20 17:46:51,ID_715,0.97953
2026-02-20 17:46:51,ID_2040,1.0580859
2026-02-20 17:46:51,ID_1773,1.0295832
2026-02-20 17:46:51,ID_1568,0.9896149
2026-02-20 17:46:51,ID_555,0.9793766
2026-02-20 17:46:51,ID_2040,1.0591003
2026-02-20 17:46:51,ID_2065,1.0095246
2026-02-20 17:46:51,ID_1568,0.9895853
2026-02-20 17:46:51,ID_555,0.97967273
2026-02-20 17:46:51,ID_2030,1.0682465
2026-02-20 17:46:51,ID_2065,1.0085062
2026-02-20 17:46:51,ID_1568,0.989627
2026-02-20 17:46:51,ID_555,0.9800209
2026-02-20 17:46:51,ID_2030,1.0683591
2026-02-20 17:46:51,ID_2065,1.0105298
2026-02-20 17:46:51,ID_1571,0.9896723
2026-02-20 17:46:51,ID_555,0.98005426
2026-02-20 17:46:51,ID_2030,1.07386
2026-02-20 17:46:51,ID_2065,1.0108355
2026-02-20 17:46:51,ID_1568,0.9896154
2026-02-20 17:46:51,ID_555,0.9798291
2026-02-20 17:46:51,ID_2030,1.0589806
2026-02-20 17:46:51,ID_2065,1.0108101
2026-02-20 17:46:51,ID_1568,0.9897022
2026-02-20 17:46:51,ID_555,0.9800633
2026-02-20 17:46:51,ID_2030,1.0656737
2026-02-20 17:46:51,ID_2065,1.0093324
2026-02-20 17:46:51,ID_1568,0.9896232
2026-02-20 17:46:51,ID_395,0.9798732
2026-02-20 17:46:51,ID_2030,1.0511924
2026-02-20 17:46:51,ID_2065,1.0111195
2026-02-20 17:46:51,ID_1568,0.9895891
2026-02-20 17:46:51,ID_395,0.9800369
2026-02-20 17:46:51,ID_2030,1.068905
2026-02-20 17:46:51,ID_2065,1.0103229
2026-02-20 17:46:51,ID_1568,0.9896196
2026-02-20 17:46:51,ID_515,0.9792984
2026-02-20 17:46:51,ID_2030,1.0834664
2026-02-20 17:46:51,ID_2065,1.0135891
2026-02-20 17:46:51,ID_1568,0.98958975
2026-02-20 17:46:51,ID_515,0.9791889
2026-02-20 17:46:51,ID_2030,1.0689212
2026-02-20 17:46:51,ID_2065,1.0105718
2026-02-20 17:46:51,ID_1568,0.9896524
2026-02-20 17:46:51,ID_515,0.9793315
2026-02-20 17:46:51,ID_2030,1.0678642
2026-02-20 17:46:51,ID_2065,1.0101973
2026-02-20 17:46:51,ID_1568,0.9895792
2026-02-20 17:46:51,ID_555,0.9792927
2026-02-20 17:46:51,ID_2030,1.0360402
2026-02-20 17:46:51,ID_2065,1.0043952
2026-02-20 17:46:51,ID_1568,0.9895818
2026-02-20 17:46:51,ID_395,0.980546
2026-02-20 17:46:51,ID_2030,1.028508
2026-02-20 17:46:51,ID_2065,1.0083843
2026-02-20 17:46:51,ID_1568,0.9895073
2026-02-20 17:46:51,ID_395,0.98029363
2026-02-20 17:46:51,ID_1886,0.20649639
2026-02-20 17:46:51,ID_2030,1.034765
2026-02-20 17:46:51,ID_2065,1.0083413
2026-02-20 17:46:51,ID_1568,0.9894811
2026-02-20 17:46:51,ID_395,0.98027503
2026-02-20 17:46:51,ID_1886,0.15807444
2026-02-20 17:46:51,ID_2030,1.0709646
2026-02-20 17:46:51,ID_2065,1.0046782
2026-02-20 17:46:51,ID_1568,0.98940665
2026-02-20 17:46:51,ID_395,0.98055285
2026-02-20 17:46:51,ID_1886,0.20562196
2026-02-20 17:46:51,ID_2030,1.0590208
2026-02-20 17:46:51,ID_2065,1.0048363
2026-02-20 17:46:51,ID_715,0.9810586
2026-02-20 17:46:51,ID_1886,0.28089514
2026-02-20 17:46:51,ID_2065,1.0057267
2026-02-20 17:46:51,ID_2030,1.0051278
2026-02-20 17:46:51,ID_1568,0.9896956
2026-02-20 17:46:51,ID_395,0.98110515
2026-02-20 17:46:51,ID_2030,1.0426935
2026-02-20 17:46:51,ID_2065,1.0074505
2026-02-20 17:46:51,ID_1568,0.98956954
2026-02-20 17:46:51,ID_715,0.98037195
2026-02-20 17:46:51,ID_2030,1.0636151
2026-02-20 17:46:51,ID_2065,1.013552
2026-02-20 17:46:51,ID_1571,0.9895303
2026-02-20 17:46:51,ID_555,0.98085505
2026-02-20 17:46:51,ID_2030,1.0451638
2026-02-20 17:46:51,ID_2065,1.0160501
2026-02-20 17:46:51,ID_1571,0.9895711
2026-02-20 17:46:51,ID_395,0.98130393
2026-02-20 17:46:51,ID_1866,0.24044263
2026-02-20 17:46:51,ID_2030,1.0319133
2026-02-20 17:46:51,ID_2065,1.008353
2026-02-20 17:46:51,ID_395,0.98164105
2026-02-20 17:46:51,ID_2030,1.0357287
2026-02-20 17:46:51,ID_2065,1.0136296
2026-02-20 17:46:51,ID_395,0.9809186
2026-02-20 17:46:51,ID_2040,1.0580395
2026-02-20 17:46:51,ID_2065,1.0264702
2026-02-20 17:46:51,ID_1568,0.989406
2026-02-20 17:46:51,ID_475,0.98067
2026-02-20 17:46:51,ID_2030,1.0363932
2026-02-20 17:46:51,ID_2065,1.0218039
2026-02-20 17:46:51,ID_1568,0.98939633
2026-02-20 17:46:51,ID_395,0.98109746
2026-02-20 17:46:51,ID_2030,1.0349919
2026-02-20 17:46:51,ID_2065,1.0201316
2026-02-20 17:46:51,ID_395,0.98099303
2026-02-20 17:46:51,ID_2040,1.0308394
2026-02-20 17:46:51,ID_2065,1.017319
2026-02-20 17:46:51,ID_395,0.98082
2026-02-20 17:46:51,ID_2030,1.0463332
2026-02-20 17:46:51,ID_2065,1.0202991
2026-02-20 17:46:51,ID_1568,0.9892247
2026-02-20 17:46:51,ID_395,0.98046184
2026-02-20 17:46:51,ID_2040,1.0330145
2026-02-20 17:46:51,ID_2065,1.014044
2026-02-20 17:46:51,ID_1568,0.9893347
2026-02-20 17:46:51,ID_555,0.98040605
2026-02-20 17:46:51,ID_2040,1.0458484
2026-02-20 17:46:51,ID_2065,1.006393
2026-02-20 17:46:51,ID_1568,0.98928535
2026-02-20 17:46:51,ID_555,0.9805059
2026-02-20 17:46:51,ID_2040,1.0448532
2026-02-20 17:46:51,ID_2065,1.007054
2026-02-20 17:46:51,ID_1568,0.98927796
2026-02-20 17:46:51,ID_555,0.98046046
2026-02-20 17:46:51,ID_2040,1.036724
2026-02-20 17:46:51,ID_2065,1.0040853
2026-02-20 17:46:51,ID_1568,0.9893353
2026-02-20 17:46:51,ID_555,0.98053074
2026-02-20 17:46:51,ID_2040,1.0503877
2026-02-20 17:46:51,ID_2065,1.0067747
2026-02-20 17:46:51,ID_1568,0.9893601
2026-02-20 17:46:51,ID_555,0.980517
2026-02-20 17:46:51,ID_2040,1.0604668
2026-02-20 17:46:51,ID_2065,1.0075831
2026-02-20 17:46:51,ID_1568,0.9893308
2026-02-20 17:46:51,ID_395,0.9806005
2026-02-20 17:46:51,ID_2040,1.0582368
2026-02-20 17:46:51,ID_2065,1.0092702
2026-02-20 17:46:51,ID_1568,0.9891589
2026-02-20 17:46:51,ID_395,0.9805315
2026-02-20 17:46:51,ID_2040,1.0602745
2026-02-20 17:46:51,ID_2065,1.0161327
2026-02-20 17:46:51,ID_1570,0.98931974
2026-02-20 17:46:51,ID_555,0.980497
2026-02-20 17:46:51,ID_2040,1.0625827
2026-02-20 17:46:51,ID_2065,1.0160673
2026-02-20 17:46:51,ID_1570,0.9894357
2026-02-20 17:46:51,ID_555,0.9798752
2026-02-20 17:46:51,ID_2040,1.0328293
2026-02-20 17:46:51,ID_2065,1.0068415
2026-02-20 17:46:51,ID_1570,0.9893484
2026-02-20 17:46:51,ID_555,0.9795855
2026-02-20 17:46:51,ID_2040,1.0681194
2026-02-20 17:46:51,ID_2065,1.0081899
2026-02-20 17:46:52,ID_1570,0.98959994
2026-02-20 17:46:52,ID_555,0.9790975
2026-02-20 17:46:52,ID_2040,1.08196
2026-02-20 17:46:52,ID_2065,1.0090722
2026-02-20 17:46:52,ID_1570,0.9896141
2026-02-20 17:46:52,ID_555,0.9791602
2026-02-20 17:46:52,ID_2040,1.0777912
2026-02-20 17:46:52,ID_2065,1.0062194
2026-02-20 17:46:52,ID_1570,0.98961353
2026-02-20 17:46:52,ID_555,0.9795275
2026-02-20 17:46:52,ID_2040,1.0685796
2026-02-20 17:46:52,ID_2065,1.0052356
2026-02-20 17:46:52,ID_1570,0.9895039
2026-02-20 17:46:52,ID_555,0.9798932
2026-02-20 17:46:52,ID_2040,1.0492505
2026-02-20 17:46:52,ID_2065,1.005537
2026-02-20 17:46:52,ID_1570,0.98954844
2026-02-20 17:46:52,ID_515,0.979383
2026-02-20 17:46:52,ID_2040,1.0709265
2026-02-20 17:46:52,ID_2065,1.0050876
2026-02-20 17:46:52,ID_1570,0.98971283
2026-02-20 17:46:52,ID_395,0.97939646
2026-02-20 17:46:52,ID_2040,1.0690709
2026-02-20 17:46:52,ID_2065,1.0037111
2026-02-20 17:46:52,ID_1570,0.9897846
2026-02-20 17:46:52,ID_395,0.9796875
2026-02-20 17:46:52,ID_2040,1.0705036
2026-02-20 17:46:52,ID_2065,1.0034742
2026-02-20 17:46:52,ID_1570,0.9896669
2026-02-20 17:46:52,ID_395,0.979845
2026-02-20 17:46:52,ID_2040,1.0691462
2026-02-20 17:46:52,ID_2065,1.0031797
2026-02-20 17:46:52,ID_1570,0.98966926
2026-02-20 17:46:52,ID_395,0.97987425
2026-02-20 17:46:52,ID_2040,1.075502
2026-02-20 17:46:52,ID_2065,1.0014672
2026-02-20 17:46:52,ID_1570,0.98941565
2026-02-20 17:46:52,ID_395,0.9798169
2026-02-20 17:46:52,ID_2040,1.0813663
2026-02-20 17:46:52,ID_2065,1.0056319
2026-02-20 17:46:52,ID_1570,0.9894066
2026-02-20 17:46:52,ID_395,0.9795029
2026-02-20 17:46:52,ID_2040,1.0775219
2026-02-20 17:46:52,ID_2065,1.0039283
2026-02-20 17:46:52,ID_1570,0.9897358
2026-02-20 17:46:52,ID_395,0.97947514
2026-02-20 17:46:52,ID_2040,1.0914676
2026-02-20 17:46:52,ID_2065,1.0042565
2026-02-20 17:46:52,ID_1570,0.989964
2026-02-20 17:46:52,ID_395,0.97955406
2026-02-20 17:46:52,ID_2040,1.1027267
2026-02-20 17:46:52,ID_2065,1.0053439
2026-02-20 17:46:52,ID_1570,0.9896789
2026-02-20 17:46:52,ID_515,0.9797162
2026-02-20 17:46:52,ID_2040,1.1183052
2026-02-20 17:46:52,ID_2065,1.0118787
2026-02-20 17:46:52,ID_1570,0.98993415
2026-02-20 17:46:52,ID_515,0.98027736
2026-02-20 17:46:52,ID_2040,1.124225
2026-02-20 17:46:52,ID_2065,1.0089765
2026-02-20 17:46:52,ID_1570,0.9900864
2026-02-20 17:46:52,ID_555,0.9799271
2026-02-20 17:46:52,ID_2040,1.1206445
2026-02-20 17:46:52,ID_2065,1.0084577
2026-02-20 17:46:52,ID_1570,0.9900875
2026-02-20 17:46:52,ID_555,0.9798635
2026-02-20 17:46:52,ID_2040,1.0872401
2026-02-20 17:46:52,ID_2065,1.0038743
2026-02-20 17:46:52,ID_1570,0.9899783
2026-02-20 17:46:52,ID_555,0.98033124
2026-02-20 17:46:52,ID_2030,1.0723145
2026-02-20 17:46:52,ID_2065,0.9964837
2026-02-20 17:46:52,ID_1570,0.98994637
2026-02-20 17:46:52,ID_555,0.98076177
2026-02-20 17:46:52,ID_1772,1.0291018
2026-02-20 17:46:52,ID_2030,1.0222131
2026-02-20 17:46:52,ID_1570,0.9898201
2026-02-20 17:46:52,ID_395,0.98145574
2026-02-20 17:46:52,ID_2040,1.117728
2026-02-20 17:46:52,ID_2056,1.0040505
2026-02-20 17:46:52,ID_1570,0.9896698
2026-02-20 17:46:52,ID_395,0.9814154
2026-02-20 17:46:52,ID_2040,1.133258
2026-02-20 17:46:52,ID_2056,1.0051068
2026-02-20 17:46:52,ID_1570,0.9896389
2026-02-20 17:46:52,ID_395,0.98093987
2026-02-20 17:46:52,ID_2040,1.111703
2026-02-20 17:46:52,ID_2056,1.0043051
2026-02-20 17:46:52,ID_1570,0.9895518
2026-02-20 17:46:52,ID_395,0.98066366
2026-02-20 17:46:52,ID_2040,1.1319216
2026-02-20 17:46:52,ID_2056,1.0075752
2026-02-20 17:46:52,ID_1570,0.9897017
2026-02-20 17:46:52,ID_555,0.9809359
2026-02-20 17:46:52,ID_2040,1.1281241
2026-02-20 17:46:52,ID_2056,1.0057049
2026-02-20 17:46:52,ID_1570,0.98943996
2026-02-20 17:46:52,ID_555,0.98059154
2026-02-20 17:46:52,ID_2040,1.1209489
2026-02-20 17:46:52,ID_2056,1.0075572
2026-02-20 17:46:52,ID_1570,0.98945194
2026-02-20 17:46:52,ID_555,0.9802677
2026-02-20 17:46:52,ID_2040,1.1223725
2026-02-20 17:46:52,ID_2056,1.0085129
2026-02-20 17:46:52,ID_1570,0.98948836
2026-02-20 17:46:52,ID_555,0.9803125
2026-02-20 17:46:52,ID_2040,1.1000385
2026-02-20 17:46:52,ID_2056,1.0054034
2026-02-20 17:46:52,ID_1570,0.9895996
2026-02-20 17:46:52,ID_555,0.98025537
2026-02-20 17:46:52,ID_2040,1.0988665
2026-02-20 17:46:52,ID_2056,1.0033216
2026-02-20 17:46:52,ID_1570,0.98948914
2026-02-20 17:46:52,ID_555,0.97958446
2026-02-20 17:46:52,ID_2040,1.1037636
2026-02-20 17:46:52,ID_2056,1.0099915
2026-02-20 17:46:52,ID_1570,0.9894694
2026-02-20 17:46:52,ID_515,0.98008835
2026-02-20 17:46:52,ID_2040,1.1044251
2026-02-20 17:46:52,ID_2056,1.0079353
2026-02-20 17:46:52,ID_1570,0.989563
2026-02-20 17:46:52,ID_515,0.9800724
2026-02-20 17:46:52,ID_2040,1.1325291
2026-02-20 17:46:52,ID_2056,1.0183501
2026-02-20 17:46:52,ID_1570,0.9894502
2026-02-20 17:46:52,ID_515,0.9802233
2026-02-20 17:46:52,ID_2040,1.1208521
2026-02-20 17:46:52,ID_2056,1.0210047
2026-02-20 17:46:52,ID_1570,0.9894409
2026-02-20 17:46:52,ID_515,0.9801644
2026-02-20 17:46:52,ID_2040,1.1316849
2026-02-20 17:46:52,ID_2056,1.014642
2026-02-20 17:46:52,ID_1568,0.9893303
2026-02-20 17:46:52,ID_515,0.9799992
2026-02-20 17:46:52,ID_2040,1.1281432
2026-02-20 17:46:52,ID_2056,1.0200517
2026-02-20 17:46:52,ID_1570,0.98922455
2026-02-20 17:46:52,ID_515,0.98047775
2026-02-20 17:46:52,ID_2040,1.146488
2026-02-20 17:46:52,ID_2056,1.0224587
2026-02-20 17:46:52,ID_1570,0.989313
2026-02-20 17:46:52,ID_555,0.98037744
2026-02-20 17:46:52,ID_2040,1.1542615
2026-02-20 17:46:52,ID_2056,1.0195493
2026-02-20 17:46:52,ID_1570,0.98948705
2026-02-20 17:46:52,ID_515,0.98035395
2026-02-20 17:46:52,ID_2040,1.1568602
2026-02-20 17:46:52,ID_2056,1.0159845
2026-02-20 17:46:52,ID_1570,0.98919326
2026-02-20 17:46:52,ID_555,0.9800627
2026-02-20 17:46:52,ID_2040,1.1591449
2026-02-20 17:46:52,ID_2056,1.0134739
2026-02-20 17:46:52,ID_1570,0.9891064
2026-02-20 17:46:52,ID_515,0.98027337
2026-02-20 17:50:04,longitudinal crack,0.26343477
2026-02-20 17:50:08,alligator crack,0.36224118
2026-02-20 17:50:08,alligator crack,0.34893477
2026-02-20 17:50:08,alligator crack,0.29571274
2026-02-20 17:50:08,alligator crack,0.17793506
2026-02-20 17:50:10,pothole,0.15831369
2026-02-20 17:50:10,pothole,0.17520231
2026-02-20 17:50:10,pothole,0.175996
2026-02-20 17:50:10,pothole,0.278446
2026-02-20 17:50:11,alligator crack,0.16694373
2026-02-20 17:50:16,alligator crack,0.17022485
2026-02-20 17:50:16,alligator crack,0.16495731
2026-02-20 17:50:19,longitudinal crack,0.20649639
2026-02-20 17:50:19,longitudinal crack,0.15807444
2026-02-20 17:50:19,longitudinal crack,0.20562196
2026-02-20 17:50:19,longitudinal crack,0.28089514
2026-02-20 17:50:20,longitudinal crack,0.24044263
2026-02-20 17:53:16,pothole,0.17547458
2026-02-20 17:53:17,pothole,0.2473714
2026-02-20 17:53:17,pothole,0.15628016
2026-02-20 17:53:17,pothole,0.17944339
2026-02-20 17:53:17,pothole,0.16566652
2026-02-20 18:01:04,alligator crack,0.3274177
2026-02-20 18:01:04,alligator crack,0.19108722
2026-02-20 18:01:04,alligator crack,0.3274177
2026-02-20 18:01:04,alligator crack,0.19108722
2026-02-20 18:01:04,alligator crack,0.25936747
2026-02-20 18:01:04,alligator crack,0.2779698
2026-02-20 18:01:04,alligator crack,0.3144767
2026-02-20 18:01:04,alligator crack,0.27124643
2026-02-20 18:01:04,alligator crack,0.23236671
2026-02-20 18:01:05,alligator crack,0.168746
2026-02-20 18:01:05,alligator crack,0.17881572
2026-02-20 18:01:05,alligator crack,0.25722575
2026-02-20 18:01:05,alligator crack,0.38317192
2026-02-20 18:01:05,alligator crack,0.40663946
2026-02-20 18:01:05,alligator crack,0.4087675
2026-02-20 18:01:05,alligator crack,0.35164976
2026-02-20 18:01:05,alligator crack,0.34365058
2026-02-20 18:01:05,alligator crack,0.31329829
2026-02-20 18:01:05,alligator crack,0.2255449
2026-02-20 18:01:05,alligator crack,0.43952182
2026-02-20 18:01:05,alligator crack,0.3582602
2026-02-20 18:01:06,alligator crack,0.37979972
2026-02-20 18:01:06,alligator crack,0.34838074
2026-02-20 18:01:06,alligator crack,0.33318955
2026-02-20 18:01:06,alligator crack,0.20682615
2026-02-20 18:01:06,alligator crack,0.22626865
2026-02-20 18:01:06,alligator crack,0.21556723
2026-02-20 18:01:06,alligator crack,0.16658771
2026-02-20 18:01:06,alligator crack,0.150013
2026-02-20 18:01:07,alligator crack,0.21774852
2026-02-20 18:01:11,alligator crack,0.17829931
2026-02-20 18:01:11,alligator crack,0.18244329
2026-02-20 18:01:13,alligator crack,0.15739653
2026-02-20 18:01:14,alligator crack,0.17051595
2026-02-20 18:01:19,alligator crack,0.24015522
2026-02-20 18:01:19,alligator crack,0.23209012
2026-02-20 18:01:19,alligator crack,0.1957005
2026-02-20 18:01:20,alligator crack,0.17431405
2026-02-20 18:01:20,alligator crack,0.25420672
2026-02-20 18:01:20,alligator crack,0.34260848
2026-02-20 18:01:20,alligator crack,0.293132
2026-02-20 18:01:20,alligator crack,0.22016695
2026-02-20 18:01:20,alligator crack,0.29507864
2026-02-20 18:01:20,alligator crack,0.265602
2026-02-20 18:01:20,alligator crack,0.28454226
2026-02-20 18:01:20,alligator crack,0.28393775
2026-02-20 18:01:20,alligator crack,0.18666217
2026-02-20 18:01:20,alligator crack,0.17810678
2026-02-20 18:01:20,alligator crack,0.3836793
2026-02-20 18:01:20,alligator crack,0.44240478
2026-02-20 18:01:20,alligator crack,0.46616358
2026-02-20 18:01:20,alligator crack,0.18588781
2026-02-20 18:01:20,alligator crack,0.3516056
2026-02-20 18:01:20,alligator crack,0.40654305
2026-02-20 18:01:21,alligator crack,0.42494848
2026-02-20 18:01:21,alligator crack,0.2014457
2026-02-20 18:01:21,alligator crack,0.5447406
2026-02-20 18:01:21,alligator crack,0.5047463
2026-02-20 18:01:21,alligator crack,0.4479582
2026-02-20 18:01:21,alligator crack,0.20090362
2026-02-20 18:01:21,alligator crack,0.21737167
2026-02-20 18:01:21,alligator crack,0.1808005
2026-02-20 18:01:21,alligator crack,0.24550703
2026-02-20 18:01:21,alligator crack,0.18658745
2026-02-20 18:01:21,alligator crack,0.18519664
2026-02-20 18:01:21,alligator crack,0.2547146
2026-02-20 18:01:21,alligator crack,0.37205926
2026-02-20 18:01:22,alligator crack,0.18728042
2026-02-20 18:01:22,alligator crack,0.15027076
2026-02-20 18:01:22,alligator crack,0.17220697
2026-02-20 18:01:22,alligator crack,0.1851764
2026-02-20 18:01:28,alligator crack,0.16009033
2026-02-20 18:01:28,alligator crack,0.18790036
2026-02-20 18:01:28,alligator crack,0.15524316
2026-02-20 18:01:28,alligator crack,0.17912677
2026-02-20 18:01:28,alligator crack,0.16391233
2026-02-20 18:01:30,alligator crack,0.18791178
2026-02-20 18:01:30,alligator crack,0.15261236
2026-02-20 18:01:31,alligator crack,0.15795302
2026-02-20 18:01:31,alligator crack,0.19132224
2026-02-20 18:01:31,alligator crack,0.2634157
2026-02-20 18:01:31,alligator crack,0.21641862
2026-02-20 18:01:31,alligator crack,0.16666275
2026-02-20 18:01:31,alligator crack,0.16540515
2026-02-20 18:01:31,alligator crack,0.16719285
2026-02-20 18:01:32,alligator crack,0.21037719
2026-02-20 18:01:33,pothole,0.15940374
2026-02-20 18:01:33,alligator crack,0.1985133
2026-02-20 18:01:33,alligator crack,0.22038153
2026-02-20 18:02:56,alligator crack,0.3274177
2026-02-20 18:02:56,alligator crack,0.19108722
2026-02-20 18:02:56,alligator crack,0.23236671
2026-02-20 18:02:56,alligator crack,0.17881572
2026-02-20 18:02:57,alligator crack,0.4087675
2026-02-20 18:02:57,alligator crack,0.37979972
2026-02-20 18:03:04,alligator crack,0.17051595
2026-02-20 18:03:08,alligator crack,0.1957005
2026-02-20 18:03:08,alligator crack,0.17431405
2026-02-20 18:03:09,alligator crack,0.22016695
2026-02-20 18:03:09,alligator crack,0.40654305
2026-02-20 18:03:09,alligator crack,0.21737167
2026-02-20 18:03:10,alligator crack,0.2547146
2026-02-20 18:03:11,alligator crack,0.1851764
2026-02-20 18:03:15,alligator crack,0.18790036
2026-02-20 18:03:15,alligator crack,0.16391233
2026-02-20 18:03:27,alligator crack,0.3274177
2026-02-20 18:03:27,alligator crack,0.19108722
2026-02-20 18:03:28,alligator crack,0.23236671
2026-02-20 18:03:28,alligator crack,0.17881572
2026-02-20 18:03:28,alligator crack,0.4087675
2026-02-20 18:03:28,alligator crack,0.05624926
2026-02-20 18:03:28,alligator crack,0.050385147
2026-02-20 18:03:29,alligator crack,0.37979972
2026-02-20 18:03:29,pothole,0.06400061
2026-02-20 18:03:29,alligator crack,0.07756865
2026-02-20 18:03:30,alligator crack,0.06585118
2026-02-20 18:03:30,alligator crack,0.050448656
2026-02-20 18:03:31,block crack,0.067718774
2026-02-20 18:03:31,block crack,0.13288096
2026-02-20 18:03:31,block crack,0.054469615
2026-02-20 18:03:33,alligator crack,0.12888303
2026-02-20 18:03:33,alligator crack,0.08410734
2026-02-20 18:03:35,alligator crack,0.17051595
2026-02-20 18:03:36,pothole,0.053024203
2026-02-20 18:03:37,block crack,0.05581215
2026-02-20 18:03:38,alligator crack,0.054323256
2026-02-20 18:03:38,alligator crack,0.068228185
2026-02-20 18:03:38,alligator crack,0.061921448
2026-02-20 18:03:39,alligator crack,0.08705726
2026-02-20 18:03:39,alligator crack,0.06214714
2026-02-20 18:03:39,alligator crack,0.05429405
2026-02-20 18:03:39,alligator crack,0.097111225
2026-02-20 18:03:39,alligator crack,0.0751901
2026-02-20 18:03:40,alligator crack,0.1957005
2026-02-20 18:03:40,alligator crack,0.12725309
2026-02-20 18:03:40,alligator crack,0.104899615
2026-02-20 18:03:40,alligator crack,0.10037619
2026-02-20 18:03:40,alligator crack,0.17431405
2026-02-20 18:12:39,alligator crack,0.42828327
2026-02-20 18:12:39,alligator crack,0.22652698
2026-02-20 18:12:39,alligator crack,0.16386268
2026-02-20 18:12:40,alligator crack,0.485022
2026-02-20 18:12:40,alligator crack,0.6628916
2026-02-20 18:12:41,alligator crack,0.21186778
2026-02-20 18:12:41,alligator crack,0.28168476
2026-02-20 18:12:46,alligator crack,0.22239184
2026-02-20 18:12:52,alligator crack,0.20832783
2026-02-20 18:12:52,alligator crack,0.18986157
2026-02-20 18:12:53,alligator crack,0.15762356
2026-02-20 18:12:53,alligator crack,0.19765851
2026-02-20 18:12:53,alligator crack,0.2628159
2026-02-20 18:12:54,alligator crack,0.6352222
2026-02-20 18:12:54,alligator crack,0.49529377
2026-02-20 18:12:54,alligator crack,0.64476395
2026-02-20 18:13:03,alligator crack,0.20052642
2026-02-20 18:13:03,pothole,0.20799318
2026-02-20 18:13:10,alligator crack,0.22924593
2026-02-20 18:13:10,alligator crack,0.27622965
2026-02-20 18:13:11,alligator crack,0.19120213
2026-02-20 18:13:32,longitudinal crack,0.4073394
2026-02-20 18:13:32,longitudinal crack,0.20678297
2026-02-20 18:13:33,longitudinal crack,0.16344187
2026-02-20 18:13:33,alligator crack,0.20172223
2026-02-20 18:13:36,alligator crack,0.18857631
2026-02-20 18:13:37,pothole,0.26106867
2026-02-20 18:13:37,alligator crack,0.15876102
2026-02-20 18:13:38,alligator crack,0.21694979
2026-02-20 18:13:38,pothole,0.17817202
2026-02-20 18:13:39,alligator crack,0.16388729
2026-02-20 18:13:39,longitudinal crack,0.16764215
2026-02-20 18:13:43,pothole,0.16513461
2026-02-20 18:13:44,longitudinal crack,0.18217686
2026-02-20 18:13:46,longitudinal crack,0.25045836
2026-02-20 18:13:48,longitudinal crack,0.2736777
2026-02-20 18:13:52,pothole,0.23403344
2026-02-20 18:13:54,pothole,0.31714004
2026-02-20 18:13:54,pothole,0.23779973
2026-02-20 18:13:54,pothole,0.23020682
2026-02-20 18:13:54,pothole,0.20559233
2026-02-20 18:13:55,pothole,0.29502362
2026-02-20 18:13:55,pothole,0.24061048
2026-02-20 18:13:55,pothole,0.23661277
2026-02-20 18:13:55,pothole,0.22353387
2026-02-20 18:13:55,pothole,0.20326939
2026-02-20 18:13:55,pothole,0.4465692
2026-02-20 18:13:55,pothole,0.40654743
2026-02-20 18:13:55,longitudinal crack,0.16582513
2026-02-20 18:13:55,pothole,0.4712356
2026-02-20 18:13:55,pothole,0.30056682
2026-02-20 18:13:55,pothole,0.28739044
2026-02-20 18:13:56,pothole,0.35145485
2026-02-20 18:13:56,pothole,0.19649768
2026-02-20 18:13:56,pothole,0.16626894
2026-02-20 18:13:56,longitudinal crack,0.1552594
2026-02-20 18:13:56,pothole,0.40747938
2026-02-20 18:13:56,longitudinal crack,0.23357052
2026-02-20 18:13:56,pothole,0.19519079
2026-02-20 18:13:56,pothole,0.1618042
2026-02-20 18:13:56,pothole,0.38785222
2026-02-20 18:13:56,pothole,0.28566885
2026-02-20 18:13:56,longitudinal crack,0.26639456
2026-02-20 18:13:56,pothole,0.4109922
2026-02-20 18:13:56,pothole,0.2133004
2026-02-20 18:13:57,pothole,0.15198931
2026-02-20 18:13:57,pothole,0.32158566
2026-02-20 18:13:57,pothole,0.22665006
2026-02-20 18:13:58,pothole,0.24405497
2026-02-20 18:13:58,pothole,0.17272413
2026-02-20 18:13:58,pothole,0.2878781
2026-02-20 18:13:58,alligator crack,0.17142087
2026-02-20 18:13:58,longitudinal crack,0.1609743
2026-02-20 18:13:58,pothole,0.15445235
2026-02-20 18:13:58,alligator crack,0.17475986
2026-02-20 18:13:58,pothole,0.16426113
2026-02-20 18:13:58,pothole,0.16145232
2026-02-20 18:13:59,pothole,0.20783469
2026-02-20 18:13:59,pothole,0.20152879
2026-02-20 18:13:59,pothole,0.15492639
2026-02-20 18:13:59,pothole,0.2952633
2026-02-20 18:13:59,pothole,0.24845251
2026-02-20 18:13:59,pothole,0.16971338
2026-02-20 18:14:00,pothole,0.2627814
2026-02-20 18:14:00,pothole,0.253221
2026-02-20 18:14:02,pothole,0.20821106
2026-02-20 18:14:02,pothole,0.29244444
2026-02-20 18:14:02,pothole,0.24298751
2026-02-20 18:14:02,pothole,0.3825642
2026-02-20 18:14:03,pothole,0.23694724
2026-02-20 18:14:04,pothole,0.23242372
